time,temperature_2m,relative_humidity_2m,wind_speed_10m,wind_direction_10m,surface_pressure,precipitation,boundary_layer_height
2026-05-29 00:00:00,28.1,52,1.7,319,977.9,0.0,35.0
2026-05-29 01:00:00,28.3,51,6.8,32,978.3,0.0,170.0
2026-05-29 02:00:00,27.8,60,5.9,63,978.4,0.0,205.0
2026-05-29 03:00:00,26.8,71,5.8,86,978.3,0.0,170.0
2026-05-29 04:00:00,26.5,73,9.2,118,979.3,0.0,335.0
2026-05-29 05:00:00,26.0,69,11.6,109,979.1,0.0,490.0
2026-05-29 06:00:00,26.1,69,13.5,106,980.3,0.0,520.0
2026-05-29 07:00:00,27.0,67,15.5,126,981.2,0.0,640.0
2026-05-29 08:00:00,28.1,66,14.4,121,981.4,0.0,615.0
2026-05-29 09:00:00,29.7,63,13.7,120,981.6,0.0,680.0
2026-05-29 10:00:00,31.3,58,12.2,121,981.6,0.0,815.0
2026-05-29 11:00:00,33.5,50,15.3,129,981.1,0.0,1030.0
2026-05-29 12:00:00,32.7,50,12.4,137,981.1,0.1,730.0
2026-05-29 13:00:00,30.9,54,10.5,143,980.7,0.4,490.0
2026-05-29 14:00:00,32.8,51,8.9,137,980.4,0.0,1045.0
2026-05-29 15:00:00,31.7,53,8.9,118,980.0,0.2,610.0
2026-05-29 16:00:00,32.0,52,9.3,118,979.4,0.3,550.0
2026-05-29 17:00:00,33.8,43,15.4,175,978.7,0.0,1195.0
2026-05-29 18:00:00,33.2,45,8.3,156,979.2,0.0,920.0
2026-05-29 19:00:00,32.6,47,8.1,162,979.5,0.0,800.0
2026-05-29 20:00:00,32.3,48,8.1,129,980.1,0.0,605.0
2026-05-29 21:00:00,31.8,48,7.7,126,980.9,0.0,555.0
2026-05-29 22:00:00,31.3,47,9.9,128,981.5,0.0,455.0
2026-05-29 23:00:00,29.3,51,15.5,138,980.9,0.0,705.0
2026-05-30 00:00:00,27.8,58,13.6,131,981.0,0.0,625.0
2026-05-30 01:00:00,26.9,61,12.0,134,980.7,0.0,545.0
2026-05-30 02:00:00,26.3,62,12.2,142,980.4,0.0,495.0
2026-05-30 03:00:00,25.9,64,8.9,156,980.7,0.0,410.0
2026-05-30 04:00:00,25.3,68,6.9,152,981.2,0.0,360.0
2026-05-30 05:00:00,24.7,76,10.3,140,980.4,0.0,370.0
2026-05-30 06:00:00,24.8,76,8.7,143,981.7,0.0,370.0
2026-05-30 07:00:00,25.9,71,9.8,133,982.7,0.0,480.0
2026-05-30 08:00:00,27.9,59,10.4,126,983.3,0.0,730.0
2026-05-30 09:00:00,30.0,49,12.6,134,983.1,0.0,790.0
2026-05-30 10:00:00,31.6,46,5.8,99,983.7,0.0,1315.0
2026-05-30 11:00:00,33.0,46,11.9,122,982.2,0.0,1380.0
2026-05-30 12:00:00,34.4,42,11.4,121,982.0,0.0,1540.0
2026-05-30 13:00:00,35.5,37,10.5,141,981.5,0.0,1870.0
2026-05-30 14:00:00,34.5,35,5.4,184,981.3,0.1,1840.0
2026-05-30 15:00:00,34.0,37,4.9,6,981.3,0.3,2025.0
2026-05-30 16:00:00,24.7,79,11.2,55,983.5,2.7,285.0
2026-05-30 17:00:00,24.0,89,8.5,72,981.4,1.4,240.0
2026-05-30 18:00:00,25.7,80,4.4,201,980.8,0.2,190.0
2026-05-30 19:00:00,26.0,78,2.4,107,981.0,0.0,190.0
2026-05-30 20:00:00,26.2,78,7.7,115,981.8,0.0,290.0
2026-05-30 21:00:00,25.8,82,9.6,113,981.9,0.0,300.0
2026-05-30 22:00:00,25.2,86,11.7,113,982.2,0.0,355.0
2026-05-30 23:00:00,24.7,68,12.7,113,981.8,0.0,360.0
2026-05-31 00:00:00,24.1,70,9.6,124,981.4,0.0,320.0
2026-05-31 01:00:00,23.9,72,6.3,129,981.9,0.0,300.0
2026-05-31 02:00:00,23.6,73,6.5,118,981.7,0.0,255.0
2026-05-31 03:00:00,23.5,73,6.8,122,981.7,0.0,250.0
2026-05-31 04:00:00,23.3,75,6.6,119,981.8,0.0,225.0
2026-05-31 05:00:00,23.9,78,11.3,141,982.5,0.0,420.0
2026-05-31 06:00:00,24.4,77,10.0,139,983.0,0.0,480.0
2026-05-31 07:00:00,25.6,72,10.5,147,983.7,0.0,530.0
2026-05-31 08:00:00,27.3,66,10.4,157,984.4,0.0,705.0
2026-05-31 09:00:00,29.1,59,10.0,159,984.5,0.0,1135.0
2026-05-31 10:00:00,30.6,51,8.8,157,984.4,0.0,1410.0
2026-05-31 11:00:00,32.2,43,8.3,153,984.9,0.0,2030.0
2026-05-31 12:00:00,32.5,43,5.9,133,984.4,0.0,2125.0
2026-05-31 13:00:00,32.7,42,5.6,112,983.9,0.0,2180.0
2026-05-31 14:00:00,33.0,41,4.7,97,983.1,0.0,2200.0
2026-05-31 15:00:00,33.1,41,5.5,79,982.2,0.1,2145.0
2026-05-31 16:00:00,31.1,46,12.9,50,982.0,0.6,1010.0
2026-05-31 17:00:00,26.1,80,10.6,114,981.9,0.1,340.0
2026-05-31 18:00:00,27.3,68,11.9,70,982.1,0.0,535.0
2026-05-31 19:00:00,26.8,68,6.4,79,982.5,0.0,505.0
2026-05-31 20:00:00,26.7,70,4.4,99,983.3,0.0,390.0
2026-05-31 21:00:00,26.4,72,3.6,72,983.7,0.0,330.0
2026-05-31 22:00:00,25.9,75,3.0,65,983.5,0.0,230.0
2026-05-31 23:00:00,26.5,73,2.4,99,983.2,0.0,185.0
2026-06-01 00:00:00,26.1,73,3.1,140,982.7,0.0,240.0
2026-06-01 01:00:00,25.7,76,2.3,148,982.5,0.0,210.0
2026-06-01 02:00:00,25.4,76,2.7,110,982.5,0.0,190.0
2026-06-01 03:00:00,25.0,78,2.9,97,982.4,0.0,180.0
2026-06-01 04:00:00,24.6,82,4.8,77,982.7,0.0,170.0
2026-06-01 05:00:00,24.7,86,5.2,131,982.8,0.0,180.0
2026-06-01 06:00:00,25.2,83,3.8,98,983.2,0.0,230.0
2026-06-01 07:00:00,26.5,76,4.9,88,984.2,0.0,320.0
2026-06-01 08:00:00,25.2,75,13.1,92,985.0,0.4,410.0
2026-06-01 09:00:00,27.5,66,6.8,122,984.8,0.0,305.0
2026-06-01 10:00:00,30.0,56,7.2,84,984.9,0.0,725.0
2026-06-01 11:00:00,32.0,43,10.2,126,984.6,0.0,1415.0
2026-06-01 12:00:00,31.2,46,7.8,112,984.4,0.6,1430.0
2026-06-01 13:00:00,32.4,42,6.9,97,983.6,0.1,1670.0
2026-06-01 14:00:00,32.7,41,6.5,93,982.5,0.0,1625.0
2026-06-01 15:00:00,33.0,40,5.8,92,981.7,0.0,1810.0
2026-06-01 16:00:00,33.1,39,5.3,78,981.1,0.0,1985.0
2026-06-01 17:00:00,32.4,42,10.2,80,980.5,0.0,1810.0
2026-06-01 18:00:00,31.0,49,8.9,84,981.0,0.0,1040.0
2026-06-01 19:00:00,29.7,57,5.6,88,981.7,0.0,260.0
2026-06-01 20:00:00,28.8,62,5.7,81,982.3,0.0,200.0
2026-06-01 21:00:00,28.3,63,4.9,96,982.8,0.0,155.0
2026-06-01 22:00:00,27.8,66,3.9,103,983.1,0.0,95.0
2026-06-01 23:00:00,28.0,65,6.6,111,982.7,0.0,195.0
2026-06-02 00:00:00,27.3,66,6.7,84,982.3,0.0,175.0
2026-06-02 01:00:00,26.6,69,7.0,77,982.4,0.0,220.0
2026-06-02 02:00:00,25.1,77,10.8,181,983.0,0.5,345.0
2026-06-02 03:00:00,24.6,80,4.9,114,982.6,0.1,115.0
2026-06-02 04:00:00,24.4,80,5.5,81,982.5,0.0,105.0
2026-06-02 05:00:00,26.3,74,6.1,212,983.3,0.0,360.0
2026-06-02 06:00:00,26.0,73,7.2,183,983.7,0.0,320.0
2026-06-02 07:00:00,27.2,66,3.4,106,983.7,0.0,275.0
2026-06-02 08:00:00,29.6,54,6.1,95,984.1,0.0,775.0
2026-06-02 09:00:00,31.4,47,7.6,85,984.1,0.0,1160.0
2026-06-02 10:00:00,33.3,40,7.9,91,983.9,0.0,1805.0
2026-06-02 11:00:00,34.5,33,9.3,100,983.8,0.1,2205.0
2026-06-02 12:00:00,35.3,30,7.6,102,982.8,0.0,2340.0
2026-06-02 13:00:00,36.2,28,7.1,117,982.1,0.1,2550.0
2026-06-02 14:00:00,36.3,28,7.6,128,981.0,0.1,2750.0
2026-06-02 15:00:00,36.5,28,7.3,134,980.1,0.0,2670.0
2026-06-02 16:00:00,35.9,29,6.0,139,979.6,0.0,2550.0
2026-06-02 17:00:00,32.5,46,5.8,175,979.7,0.0,1315.0
2026-06-02 18:00:00,32.4,47,5.8,182,979.4,0.1,1275.0
2026-06-02 19:00:00,31.9,49,3.5,168,980.0,0.0,1160.0
2026-06-02 20:00:00,31.6,52,4.2,155,980.3,0.0,950.0
2026-06-02 21:00:00,31.2,54,4.6,141,980.8,0.0,480.0
2026-06-02 22:00:00,30.8,55,3.7,119,981.2,0.0,350.0
2026-06-02 23:00:00,31.0,53,3.3,144,980.3,0.0,175.0
2026-06-03 00:00:00,30.5,59,2.2,171,980.4,0.0,85.0
2026-06-03 01:00:00,30.4,59,1.1,180,980.4,0.0,40.0
2026-06-03 02:00:00,30.1,60,1.8,143,980.0,0.0,55.0
2026-06-03 03:00:00,29.9,60,0.9,127,979.9,0.0,70.0
2026-06-03 04:00:00,29.5,60,1.4,130,980.0,0.0,95.0
2026-06-03 05:00:00,29.1,65,1.9,112,980.3,0.0,120.0
2026-06-03 06:00:00,29.7,59,4.0,93,980.3,0.0,150.0
2026-06-03 07:00:00,31.0,54,4.4,102,980.6,0.0,305.0
2026-06-03 08:00:00,32.7,47,4.5,104,980.6,0.0,1270.0
2026-06-03 09:00:00,34.3,40,3.1,87,980.6,0.0,1825.0
2026-06-03 10:00:00,35.6,35,4.2,72,980.3,0.0,1990.0
2026-06-03 11:00:00,35.4,33,6.4,80,980.0,0.0,2120.0
2026-06-03 12:00:00,36.6,32,7.5,60,979.6,0.1,2300.0
2026-06-03 13:00:00,37.3,31,6.8,55,978.7,0.1,2500.0
2026-06-03 14:00:00,37.9,29,6.6,49,977.5,0.0,2685.0
2026-06-03 15:00:00,38.4,26,6.7,31,976.6,0.0,2730.0
2026-06-03 16:00:00,37.8,27,6.5,360,975.8,0.0,2595.0
2026-06-03 17:00:00,38.5,26,9.0,64,975.1,0.0,2720.0
2026-06-03 18:00:00,36.0,33,9.9,92,975.7,0.1,850.0
2026-06-03 19:00:00,35.1,37,11.1,115,976.1,0.4,975.0
2026-06-03 20:00:00,34.7,38,7.0,103,976.5,0.0,775.0
2026-06-03 21:00:00,34.1,41,5.4,98,977.1,0.0,450.0
2026-06-03 22:00:00,33.2,45,4.6,135,977.3,0.0,290.0
2026-06-03 23:00:00,33.4,46,8.4,171,977.2,0.0,330.0
2026-06-04 00:00:00,32.2,50,5.6,165,977.1,0.0,230.0
2026-06-04 01:00:00,31.1,55,4.2,162,976.6,0.0,170.0
2026-06-04 02:00:00,30.4,57,4.0,185,976.4,0.0,135.0
2026-06-04 03:00:00,29.8,57,4.3,180,976.3,0.0,125.0
2026-06-04 04:00:00,29.3,58,4.3,178,976.4,0.0,110.0
2026-06-04 05:00:00,30.7,51,13.0,215,976.9,0.0,420.0
2026-06-04 06:00:00,30.9,49,2.4,81,976.7,0.0,210.0
2026-06-04 07:00:00,28.4,59,10.5,59,978.3,0.1,230.0
2026-06-04 08:00:00,31.0,50,7.5,143,977.8,0.0,205.0
2026-06-04 09:00:00,33.8,42,8.7,104,978.4,0.0,670.0
2026-06-04 10:00:00,34.5,42,10.2,113,978.3,0.0,700.0
2026-06-04 11:00:00,38.3,25,6.7,128,977.6,0.0,1760.0
2026-06-04 12:00:00,39.5,22,3.9,133,976.7,0.2,3160.0
2026-06-04 13:00:00,39.0,22,11.8,239,976.6,0.0,3150.0
2026-06-04 14:00:00,39.1,23,10.1,260,975.8,0.1,2905.0
2026-06-04 15:00:00,38.5,25,10.7,338,975.5,0.0,2770.0
2026-06-04 16:00:00,37.5,30,11.3,18,975.2,0.0,2115.0
2026-06-04 17:00:00,34.4,34,7.6,98,974.8,0.0,540.0
2026-06-04 18:00:00,34.4,32,11.3,226,975.4,0.0,515.0
2026-06-04 19:00:00,29.9,50,14.8,260,976.5,0.1,290.0
2026-06-04 20:00:00,30.0,53,8.3,275,976.7,0.1,330.0
2026-06-04 21:00:00,29.9,54,8.1,273,977.7,0.0,380.0
2026-06-04 22:00:00,29.7,54,7.1,255,977.8,0.0,265.0
2026-06-04 23:00:00,28.1,55,13.4,332,978.4,0.0,570.0
2026-06-05 00:00:00,26.2,68,2.4,283,978.6,0.8,150.0
2026-06-05 01:00:00,25.4,85,2.6,106,977.1,1.2,60.0
2026-06-05 02:00:00,26.0,77,9.0,136,976.6,0.0,170.0
2026-06-05 03:00:00,26.3,74,4.9,152,975.8,0.0,120.0
2026-06-05 04:00:00,26.7,69,5.6,263,976.6,0.0,185.0
2026-06-05 05:00:00,25.1,85,13.9,268,977.5,0.0,460.0
2026-06-05 06:00:00,26.4,72,2.4,347,978.3,0.0,355.0
2026-06-05 07:00:00,27.0,67,1.8,24,978.6,0.0,295.0
2026-06-05 08:00:00,28.4,59,1.6,186,979.3,0.0,510.0
2026-06-05 09:00:00,29.5,53,4.8,15,980.3,0.0,905.0
2026-06-05 10:00:00,31.2,47,4.9,354,980.1,0.0,930.0
2026-06-05 11:00:00,32.2,42,8.0,326,980.0,0.0,820.0
2026-06-05 12:00:00,32.9,41,9.0,348,980.1,0.0,1380.0
2026-06-05 13:00:00,34.0,41,9.5,358,979.2,0.0,1510.0
2026-06-05 14:00:00,33.8,43,8.3,20,978.6,0.0,1340.0
2026-06-05 15:00:00,33.4,45,8.3,24,978.0,0.0,1435.0
2026-06-05 16:00:00,33.7,45,6.8,27,977.3,0.1,1460.0
2026-06-05 17:00:00,34.7,42,3.5,51,976.7,0.0,1485.0
2026-06-05 18:00:00,34.2,43,3.6,30,976.7,0.0,1435.0
2026-06-05 19:00:00,33.5,47,4.0,360,977.2,0.0,1225.0
2026-06-05 20:00:00,32.8,51,3.1,13,977.6,0.0,660.0
2026-06-05 21:00:00,32.2,54,2.4,54,978.1,0.0,455.0
2026-06-05 22:00:00,31.8,56,3.6,90,978.4,0.0,345.0
2026-06-05 23:00:00,31.7,52,4.0,153,978.2,0.0,220.0
2026-06-06 00:00:00,30.5,59,3.5,125,977.9,0.0,130.0
2026-06-06 01:00:00,29.8,65,4.6,132,977.7,0.0,125.0
2026-06-06 02:00:00,29.2,69,4.2,149,977.5,0.0,115.0
2026-06-06 03:00:00,28.8,71,3.6,160,977.9,0.0,95.0
2026-06-06 04:00:00,28.5,71,4.5,164,978.0,0.0,95.0
2026-06-06 05:00:00,29.0,66,4.4,212,978.0,0.0,115.0
2026-06-06 06:00:00,29.6,62,4.0,212,978.6,0.0,135.0
2026-06-06 07:00:00,31.4,54,2.8,230,979.5,0.0,230.0
2026-06-06 08:00:00,33.5,46,2.2,256,979.9,0.0,675.0
2026-06-06 09:00:00,35.4,40,3.3,279,980.1,0.0,1615.0
2026-06-06 10:00:00,37.0,35,3.4,302,980.0,0.0,1975.0
2026-06-06 11:00:00,38.6,30,6.3,285,979.8,0.0,3140.0
2026-06-06 12:00:00,39.4,27,6.8,310,979.1,0.0,3020.0
2026-06-06 13:00:00,40.3,23,6.6,325,978.1,0.0,3185.0
2026-06-06 14:00:00,40.1,23,8.1,305,977.6,0.0,3130.0
2026-06-06 15:00:00,39.9,24,8.9,308,977.0,0.0,2995.0
2026-06-06 16:00:00,39.2,25,12.1,290,976.8,0.0,2935.0
2026-06-06 17:00:00,35.3,37,12.5,152,975.9,0.0,305.0
2026-06-06 18:00:00,34.8,38,8.6,170,976.6,0.0,775.0
2026-06-06 19:00:00,34.5,34,5.1,207,977.0,0.0,205.0
2026-06-06 20:00:00,34.2,36,4.8,209,977.6,0.0,200.0
2026-06-06 21:00:00,33.9,37,6.0,217,978.0,0.0,165.0
2026-06-06 22:00:00,33.8,37,7.2,251,978.3,0.0,265.0
2026-06-06 23:00:00,32.7,40,11.7,253,978.7,0.0,515.0
2026-06-07 00:00:00,31.1,45,10.9,253,978.6,0.0,405.0
2026-06-07 01:00:00,30.1,50,10.3,258,978.4,0.0,365.0
2026-06-07 02:00:00,29.6,51,9.8,262,978.3,0.0,340.0
2026-06-07 03:00:00,29.1,52,8.7,263,978.3,0.0,280.0
2026-06-07 04:00:00,28.9,51,7.7,273,978.7,0.0,240.0
2026-06-07 05:00:00,29.1,55,6.9,277,978.7,0.0,195.0
2026-06-07 06:00:00,29.2,56,5.6,272,979.4,0.0,215.0
2026-06-07 07:00:00,30.5,51,6.1,275,980.0,0.0,290.0
2026-06-07 08:00:00,32.8,43,6.8,292,980.3,0.0,485.0
2026-06-07 09:00:00,31.7,44,20.5,322,981.4,0.1,700.0
2026-06-07 10:00:00,32.1,44,5.9,40,980.1,0.1,285.0
2026-06-07 11:00:00,38.2,29,5.4,304,980.3,0.0,2145.0
2026-06-07 12:00:00,38.8,28,5.5,311,979.4,0.1,2800.0
2026-06-07 13:00:00,39.8,26,5.5,302,978.4,0.0,3090.0
2026-06-07 14:00:00,40.4,22,7.5,281,977.4,0.0,3185.0
2026-06-07 15:00:00,40.4,21,11.4,275,976.6,0.0,3115.0
2026-06-07 16:00:00,39.4,23,14.1,280,976.2,0.0,2650.0
2026-06-07 17:00:00,34.8,45,20.9,267,976.0,0.0,555.0
2026-06-07 18:00:00,34.6,45,5.8,97,975.6,0.1,155.0
2026-06-07 19:00:00,32.4,53,11.2,118,976.0,0.0,190.0
2026-06-07 20:00:00,32.3,51,7.6,184,976.3,0.0,115.0
2026-06-07 21:00:00,32.3,50,5.3,208,976.8,0.0,100.0
2026-06-07 22:00:00,31.9,52,4.3,165,977.1,0.0,95.0
2026-06-07 23:00:00,32.8,46,11.6,246,976.6,0.0,480.0
2026-06-08 00:00:00,32.5,43,11.2,258,976.5,0.0,400.0
2026-06-08 01:00:00,31.6,44,9.7,259,976.3,0.0,295.0
2026-06-08 02:00:00,30.9,45,9.3,262,976.2,0.0,260.0
2026-06-08 03:00:00,30.4,46,9.1,260,976.1,0.0,210.0
2026-06-08 04:00:00,29.9,47,9.1,262,976.2,0.0,205.0
2026-06-08 05:00:00,30.5,52,9.7,268,976.7,0.0,280.0
2026-06-08 06:00:00,30.7,53,9.2,269,977.1,0.0,325.0
2026-06-08 07:00:00,32.1,49,9.5,271,977.6,0.0,470.0
2026-06-08 08:00:00,34.2,42,10.7,277,978.0,0.0,625.0
2026-06-08 09:00:00,36.2,38,11.3,280,978.1,0.0,960.0
2026-06-08 10:00:00,38.1,32,12.0,289,977.8,0.0,1320.0
2026-06-08 11:00:00,40.0,25,10.8,280,977.7,0.0,3655.0
2026-06-08 12:00:00,41.1,20,12.1,282,977.0,0.0,3820.0
2026-06-08 13:00:00,41.4,17,13.9,287,976.1,0.0,3465.0
2026-06-08 14:00:00,41.7,14,12.5,290,975.1,0.0,3350.0
2026-06-08 15:00:00,42.1,14,14.2,297,974.8,0.0,3630.0
2026-06-08 16:00:00,41.7,14,14.5,305,974.2,0.0,3205.0
2026-06-08 17:00:00,41.7,16,17.6,292,973.6,0.0,3480.0
2026-06-08 18:00:00,41.3,14,14.7,288,973.5,0.0,3440.0
2026-06-08 19:00:00,40.2,17,14.1,280,973.7,0.0,1630.0
2026-06-08 20:00:00,38.8,20,8.8,317,974.3,0.0,540.0
2026-06-08 21:00:00,37.2,26,3.6,333,974.8,0.0,240.0
2026-06-08 22:00:00,36.4,29,1.8,264,975.1,0.0,105.0
2026-06-08 23:00:00,35.4,30,6.2,248,974.9,0.0,105.0
2026-06-09 00:00:00,33.9,33,5.9,250,974.7,0.0,90.0
2026-06-09 01:00:00,32.9,35,6.0,233,974.2,0.0,80.0
2026-06-09 02:00:00,32.5,35,4.6,244,974.1,0.0,70.0
2026-06-09 03:00:00,32.1,34,4.5,256,974.2,0.0,75.0
2026-06-09 04:00:00,31.6,34,8.5,241,974.7,0.0,160.0
2026-06-09 05:00:00,31.7,42,10.2,240,974.4,0.0,285.0
2026-06-09 06:00:00,32.1,45,8.6,254,974.9,0.0,360.0
2026-06-09 07:00:00,33.6,47,10.7,263,975.5,0.0,475.0
2026-06-09 08:00:00,35.5,43,11.0,271,975.7,0.0,555.0
2026-06-09 09:00:00,37.5,38,10.3,276,975.8,0.0,835.0
2026-06-09 10:00:00,39.4,31,9.9,285,975.9,0.0,1690.0
2026-06-09 11:00:00,41.9,20,9.2,290,975.4,0.0,3860.0
2026-06-09 12:00:00,42.5,17,13.1,303,975.2,0.0,3550.0
2026-06-09 13:00:00,42.6,15,14.7,301,974.5,0.0,3505.0
2026-06-09 14:00:00,43.0,14,15.4,302,973.9,0.0,3595.0
2026-06-09 15:00:00,42.9,14,17.3,301,973.4,0.0,3540.0
2026-06-09 16:00:00,42.3,14,16.9,294,973.0,0.0,3425.0
2026-06-09 17:00:00,42.1,16,16.9,279,972.4,0.0,3475.0
2026-06-09 18:00:00,40.8,17,18.7,272,973.0,0.0,2755.0
2026-06-09 19:00:00,38.8,22,15.1,271,973.7,0.0,1105.0
2026-06-09 20:00:00,38.3,23,8.3,271,974.1,0.0,395.0
2026-06-09 21:00:00,37.2,26,2.8,235,974.1,0.0,100.0
2026-06-09 22:00:00,36.5,27,4.0,207,974.3,0.0,90.0
2026-06-09 23:00:00,36.8,25,6.8,270,975.1,0.0,420.0
2026-06-10 00:00:00,35.3,28,9.7,255,974.7,0.0,240.0
2026-06-10 01:00:00,34.4,28,6.2,237,974.3,0.0,100.0
2026-06-10 02:00:00,33.7,29,6.7,246,974.0,0.0,105.0
2026-06-10 03:00:00,33.2,30,5.1,228,973.6,0.0,80.0
2026-06-10 04:00:00,32.7,31,8.2,238,974.2,0.0,160.0
2026-06-10 05:00:00,32.1,36,9.0,235,974.6,0.0,225.0
2026-06-10 06:00:00,31.3,45,8.4,203,975.4,0.0,490.0
2026-06-10 07:00:00,33.0,47,7.3,230,975.9,0.0,815.0
2026-06-10 08:00:00,35.4,46,11.4,263,976.1,0.0,1155.0
2026-06-10 09:00:00,37.1,40,14.1,266,976.2,0.0,1365.0
2026-06-10 10:00:00,38.8,35,13.2,276,976.2,0.0,1640.0
2026-06-10 11:00:00,40.7,25,14.4,279,976.0,0.0,2590.0
2026-06-10 12:00:00,41.4,23,12.3,278,975.4,0.0,2680.0
2026-06-10 13:00:00,42.1,21,11.6,277,974.4,0.0,2750.0
2026-06-10 14:00:00,42.6,19,12.3,282,973.4,0.0,2840.0
2026-06-10 15:00:00,42.3,18,14.8,269,973.1,0.4,3320.0
2026-06-10 16:00:00,41.2,21,14.6,250,973.0,0.0,2665.0
2026-06-10 17:00:00,43.6,18,14.8,264,971.9,0.0,4015.0
2026-06-10 18:00:00,42.9,16,13.0,273,972.1,0.0,3575.0
2026-06-10 19:00:00,41.4,19,5.8,263,972.5,0.0,3295.0
2026-06-10 20:00:00,40.0,21,4.6,193,972.6,0.0,390.0
2026-06-10 21:00:00,39.6,20,5.3,192,973.1,0.0,375.0
2026-06-10 22:00:00,38.7,21,4.0,210,973.7,0.0,245.0
2026-06-10 23:00:00,37.4,24,2.9,356,974.0,0.0,245.0
2026-06-11 00:00:00,36.6,30,0.6,214,973.9,0.0,255.0
2026-06-11 01:00:00,36.6,26,6.4,216,973.4,0.0,195.0
2026-06-11 02:00:00,35.8,29,4.5,247,973.4,0.0,510.0
2026-06-11 03:00:00,35.1,34,4.1,257,973.2,0.0,600.0
2026-06-11 04:00:00,34.6,39,3.2,267,973.4,0.0,665.0
2026-06-11 05:00:00,31.7,47,10.7,147,973.4,0.0,255.0
2026-06-11 06:00:00,30.5,49,11.9,122,974.8,0.1,340.0
2026-06-11 07:00:00,29.5,56,13.0,146,975.7,0.1,295.0
2026-06-11 08:00:00,31.0,54,13.9,137,976.0,0.0,400.0
2026-06-11 09:00:00,32.7,53,13.4,131,976.7,0.0,570.0
2026-06-11 10:00:00,34.7,47,13.8,140,976.6,0.0,740.0
2026-06-11 11:00:00,33.7,50,17.4,113,977.6,0.0,890.0
2026-06-11 12:00:00,34.3,50,16.1,124,977.1,0.0,960.0
2026-06-11 13:00:00,35.5,48,15.3,136,976.1,0.0,1115.0
2026-06-11 14:00:00,36.4,45,13.8,143,975.3,0.0,1205.0
2026-06-11 15:00:00,36.8,45,12.7,144,974.9,0.0,1160.0
2026-06-11 16:00:00,36.8,45,10.1,141,974.5,0.0,1190.0
2026-06-11 17:00:00,36.5,42,16.6,119,973.6,0.0,1030.0
2026-06-11 18:00:00,35.3,45,15.9,117,973.9,0.0,860.0
2026-06-11 19:00:00,34.1,49,16.6,103,974.4,0.0,750.0
2026-06-11 20:00:00,32.7,52,15.9,102,975.1,0.0,655.0
2026-06-11 21:00:00,32.0,54,15.8,88,976.7,0.0,785.0
2026-06-11 22:00:00,31.1,58,19.8,92,977.5,0.0,910.0
2026-06-11 23:00:00,27.4,75,13.6,35,978.4,0.0,450.0
2026-06-12 00:00:00,26.6,78,18.8,49,979.2,0.0,665.0
2026-06-12 01:00:00,26.0,83,17.0,53,978.6,0.0,650.0
2026-06-12 02:00:00,25.9,81,13.4,59,978.5,0.1,560.0
2026-06-12 03:00:00,24.6,89,17.1,93,979.0,2.7,470.0
2026-06-12 04:00:00,24.2,92,19.6,104,978.2,1.5,600.0
2026-06-12 05:00:00,23.6,93,7.3,351,979.7,0.0,680.0
2026-06-12 06:00:00,23.3,93,18.3,97,980.4,2.4,575.0
2026-06-12 07:00:00,24.1,88,15.6,102,981.1,0.4,610.0
2026-06-12 08:00:00,25.7,79,16.6,111,981.4,0.0,640.0
2026-06-12 09:00:00,27.4,73,16.0,111,981.6,0.0,800.0
2026-06-12 10:00:00,29.0,66,16.0,114,981.5,0.0,905.0
2026-06-12 11:00:00,30.4,60,15.4,120,981.8,0.0,1050.0
2026-06-12 12:00:00,31.3,57,15.9,112,981.7,0.0,1230.0
2026-06-12 13:00:00,31.7,55,13.6,119,981.2,0.0,1310.0
2026-06-12 14:00:00,32.2,54,12.1,128,980.6,0.0,1410.0
2026-06-12 15:00:00,32.2,54,10.1,129,979.9,0.0,1380.0
2026-06-12 16:00:00,32.6,53,6.7,126,979.6,0.0,1530.0
2026-06-12 17:00:00,29.6,65,4.2,265,979.4,0.0,100.0
2026-06-12 18:00:00,25.5,87,12.3,55,979.9,0.8,135.0
2026-06-12 19:00:00,26.1,86,3.2,322,979.3,0.2,85.0
2026-06-12 20:00:00,26.6,82,8.8,75,980.1,0.0,135.0
2026-06-12 21:00:00,26.8,78,7.9,106,980.8,0.0,160.0
2026-06-12 22:00:00,26.8,77,8.4,100,980.9,0.0,165.0
2026-06-12 23:00:00,26.2,78,8.8,175,981.8,0.0,175.0
2026-06-13 00:00:00,25.9,80,4.5,203,981.5,0.0,100.0
2026-06-13 01:00:00,25.8,82,5.4,130,980.5,0.0,85.0
2026-06-13 02:00:00,25.4,84,6.9,120,979.5,0.5,90.0
2026-06-13 03:00:00,25.3,85,4.0,240,979.4,0.2,75.0
2026-06-13 04:00:00,25.2,86,4.0,3,980.7,0.0,75.0
2026-06-13 05:00:00,25.0,83,8.3,276,981.3,0.0,295.0
2026-06-13 06:00:00,24.8,84,6.7,261,981.7,0.0,265.0
2026-06-13 07:00:00,25.8,80,5.3,237,982.2,0.0,290.0
2026-06-13 08:00:00,26.5,75,1.8,217,982.2,0.0,265.0
2026-06-13 09:00:00,27.3,70,3.7,79,982.0,0.0,295.0
2026-06-13 10:00:00,28.6,64,6.3,77,982.0,0.0,510.0
2026-06-13 11:00:00,30.5,55,3.0,76,982.1,0.0,520.0
2026-06-13 12:00:00,31.0,55,3.6,357,981.8,0.0,680.0
2026-06-13 13:00:00,32.3,51,2.5,8,981.4,0.0,1200.0
2026-06-13 14:00:00,32.7,49,3.1,31,980.9,0.0,1165.0
2026-06-13 15:00:00,33.0,47,2.0,5,980.3,0.0,1390.0
2026-06-13 16:00:00,32.9,47,1.7,18,979.4,0.0,1385.0
2026-06-13 17:00:00,33.7,43,2.1,149,979.3,0.0,55.0
2026-06-13 18:00:00,32.4,54,5.4,92,978.9,0.0,80.0
2026-06-13 19:00:00,30.3,66,4.0,93,978.9,0.0,90.0
2026-06-13 20:00:00,29.7,70,2.5,172,979.1,0.0,40.0
2026-06-13 21:00:00,29.3,73,0.5,135,979.5,0.0,15.0
2026-06-13 22:00:00,28.4,78,2.3,113,979.5,0.0,30.0
2026-06-13 23:00:00,28.6,72,4.6,225,979.2,0.0,60.0
2026-06-14 00:00:00,27.8,72,4.7,220,978.9,0.0,60.0
2026-06-14 01:00:00,27.2,71,5.2,209,978.6,0.0,60.0
2026-06-14 02:00:00,26.7,71,5.9,218,978.4,0.0,90.0
2026-06-14 03:00:00,26.3,73,5.5,229,978.5,0.0,85.0
2026-06-14 04:00:00,26.0,75,5.3,246,978.7,0.0,75.0
2026-06-14 05:00:00,26.8,82,3.3,279,979.0,0.0,45.0
2026-06-14 06:00:00,27.5,78,3.7,349,979.4,0.0,45.0
2026-06-14 07:00:00,28.6,76,2.7,28,979.8,0.0,140.0
2026-06-14 08:00:00,30.0,71,0.2,180,980.2,0.0,280.0
2026-06-14 09:00:00,31.6,65,1.6,264,980.3,0.0,515.0
2026-06-14 10:00:00,33.0,58,2.4,279,980.2,0.0,1020.0
2026-06-14 11:00:00,34.8,45,2.7,266,979.7,0.0,1725.0
2026-06-14 12:00:00,36.0,40,3.6,264,979.0,0.0,2030.0
2026-06-14 13:00:00,36.8,36,6.5,270,978.1,0.0,2340.0
2026-06-14 14:00:00,35.6,36,10.1,299,977.7,0.2,1450.0
2026-06-14 15:00:00,35.3,36,8.6,296,977.0,0.0,570.0
2026-06-14 16:00:00,34.7,40,10.8,298,976.9,0.1,1735.0
2026-06-14 17:00:00,36.1,39,4.6,301,975.4,0.2,1660.0
2026-06-14 18:00:00,35.1,44,4.9,336,975.5,0.0,50.0
2026-06-14 19:00:00,33.2,56,1.0,149,975.9,0.0,15.0
2026-06-14 20:00:00,32.1,62,3.0,65,976.5,0.0,50.0
2026-06-14 21:00:00,30.5,70,4.6,103,977.1,0.0,75.0
2026-06-14 22:00:00,29.8,74,3.4,137,977.7,0.0,50.0
2026-06-14 23:00:00,30.0,70,8.9,204,977.8,0.0,195.0
2026-06-15 00:00:00,29.5,51,10.1,243,977.7,0.0,310.0
2026-06-15 01:00:00,29.1,52,10.3,247,977.5,0.0,420.0
2026-06-15 02:00:00,28.6,54,9.0,250,977.4,0.0,335.0
2026-06-15 03:00:00,28.1,56,7.8,265,977.2,0.0,240.0
2026-06-15 04:00:00,27.8,58,7.4,267,977.7,0.0,195.0
2026-06-15 05:00:00,27.5,62,7.1,291,978.2,0.0,165.0
2026-06-15 06:00:00,28.0,63,5.9,288,978.8,0.0,150.0
2026-06-15 07:00:00,29.2,60,7.2,283,979.7,0.0,310.0
2026-06-15 08:00:00,30.8,54,8.1,287,980.1,0.0,545.0
2026-06-15 09:00:00,32.6,46,8.4,313,980.2,0.0,795.0
2026-06-15 10:00:00,34.3,43,7.9,313,980.5,0.0,1320.0
2026-06-15 11:00:00,35.1,40,9.8,311,979.5,0.0,1575.0
2026-06-15 12:00:00,35.7,38,10.6,313,979.1,0.0,1855.0
2026-06-15 13:00:00,36.3,36,10.1,305,978.6,0.0,2225.0
2026-06-15 14:00:00,34.6,39,18.8,297,978.7,0.0,1995.0
2026-06-15 15:00:00,30.5,55,9.7,309,979.3,0.8,495.0
2026-06-15 16:00:00,31.6,53,6.4,310,977.8,0.5,620.0
2026-06-15 17:00:00,29.4,62,5.9,259,977.3,0.0,340.0
2026-06-15 18:00:00,29.7,62,5.4,358,977.5,0.0,320.0
2026-06-15 19:00:00,29.1,59,5.4,360,978.3,0.0,170.0
2026-06-15 20:00:00,28.7,62,2.9,330,979.0,0.0,95.0
2026-06-15 21:00:00,28.6,63,0.8,243,979.6,0.0,20.0
2026-06-15 22:00:00,27.4,66,4.0,201,980.0,0.0,40.0
2026-06-15 23:00:00,26.5,65,8.4,214,980.0,0.0,95.0
2026-06-16 00:00:00,26.1,67,5.6,230,979.5,0.0,65.0
2026-06-16 01:00:00,25.8,71,4.3,228,979.3,0.0,50.0
2026-06-16 02:00:00,25.5,75,3.3,216,978.8,0.0,35.0
2026-06-16 03:00:00,25.2,78,3.8,262,979.0,0.0,40.0
2026-06-16 04:00:00,25.4,76,4.5,284,979.2,0.0,50.0
2026-06-16 05:00:00,25.7,74,1.3,286,978.7,0.1,20.0
2026-06-16 06:00:00,26.4,71,1.9,343,979.8,0.0,15.0
2026-06-16 07:00:00,27.8,66,17.5,253,981.7,0.0,530.0
2026-06-16 08:00:00,28.1,65,6.5,267,981.5,0.0,190.0
2026-06-16 09:00:00,29.6,58,10.5,257,982.2,0.0,400.0
2026-06-16 10:00:00,29.8,55,9.4,266,982.6,0.0,405.0
2026-06-16 11:00:00,26.6,75,10.7,258,982.7,0.0,195.0
2026-06-16 12:00:00,27.7,65,7.2,284,982.0,0.5,230.0
2026-06-16 13:00:00,29.4,53,3.8,197,981.3,0.0,280.0
2026-06-16 14:00:00,29.2,54,5.2,229,980.2,0.0,220.0
2026-06-16 15:00:00,31.0,51,5.8,265,980.0,0.0,240.0
2026-06-16 16:00:00,32.3,44,4.5,310,979.3,0.0,365.0
2026-06-16 17:00:00,32.0,50,8.1,271,979.3,0.0,625.0
2026-06-16 18:00:00,31.1,55,9.5,279,979.6,0.0,630.0
2026-06-16 19:00:00,29.6,62,6.9,287,979.7,0.0,305.0
2026-06-16 20:00:00,28.6,69,4.1,283,979.6,0.0,135.0
2026-06-16 21:00:00,28.3,71,3.8,315,980.2,0.0,105.0
2026-06-16 22:00:00,28.0,72,3.6,307,980.7,0.0,80.0
2026-06-16 23:00:00,27.3,69,9.0,244,981.1,0.0,165.0
2026-06-17 00:00:00,26.6,70,6.2,263,980.6,0.0,135.0
2026-06-17 01:00:00,26.1,73,4.4,282,980.2,0.0,95.0
2026-06-17 02:00:00,25.5,75,6.1,251,980.3,0.0,145.0
2026-06-17 03:00:00,25.0,77,5.9,258,980.5,0.0,125.0
2026-06-17 04:00:00,24.7,77,7.1,277,980.6,0.0,140.0
2026-06-17 05:00:00,25.2,79,6.6,261,980.8,0.0,115.0
2026-06-17 06:00:00,25.8,76,5.8,286,981.5,0.0,145.0
2026-06-17 07:00:00,27.1,72,3.6,297,981.9,0.0,185.0
2026-06-17 08:00:00,28.9,64,3.4,313,982.0,0.0,320.0
2026-06-17 09:00:00,30.7,56,2.6,309,981.9,0.0,660.0
2026-06-17 10:00:00,32.2,50,2.0,275,981.9,0.0,905.0
2026-06-17 11:00:00,33.9,41,2.5,278,981.8,0.0,1285.0
2026-06-17 12:00:00,35.3,36,2.8,281,981.2,0.0,1630.0
2026-06-17 13:00:00,36.4,32,3.8,275,980.4,0.0,2140.0
2026-06-17 14:00:00,37.0,30,5.6,264,979.6,0.0,2410.0
2026-06-17 15:00:00,37.3,29,8.5,270,978.8,0.0,2470.0
2026-06-17 16:00:00,36.9,29,10.2,280,977.9,0.0,2320.0
2026-06-17 17:00:00,36.1,36,11.6,289,977.4,0.0,1600.0
2026-06-17 18:00:00,35.4,38,10.7,292,977.5,0.0,1360.0
2026-06-17 19:00:00,34.5,41,6.8,287,977.6,0.0,895.0
2026-06-17 20:00:00,33.8,45,4.3,292,978.2,0.0,335.0
2026-06-17 21:00:00,33.3,51,2.8,288,978.8,0.0,80.0
2026-06-17 22:00:00,32.9,54,2.1,308,979.4,0.0,45.0
2026-06-17 23:00:00,32.4,52,5.4,278,979.9,0.0,220.0
2026-06-18 00:00:00,31.6,55,5.1,280,980.0,0.0,215.0
2026-06-18 01:00:00,31.2,56,5.6,274,979.7,0.0,195.0
2026-06-18 02:00:00,30.6,59,3.7,309,979.3,0.0,180.0
2026-06-18 03:00:00,30.3,61,2.1,20,979.4,0.0,155.0
2026-06-18 04:00:00,29.8,64,1.3,106,979.1,0.0,45.0
2026-06-18 05:00:00,29.5,69,3.0,287,979.1,0.0,105.0
2026-06-18 06:00:00,30.1,63,4.2,280,979.3,0.0,115.0
2026-06-18 07:00:00,31.6,57,4.2,280,980.0,0.0,225.0
2026-06-18 08:00:00,33.7,48,3.9,292,980.4,0.0,935.0
2026-06-18 09:00:00,35.6,39,5.8,309,980.7,0.0,1875.0
2026-06-18 10:00:00,36.8,35,6.9,301,980.6,0.0,2170.0
2026-06-18 11:00:00,38.0,31,8.3,286,980.7,0.0,2550.0
2026-06-18 12:00:00,38.9,28,8.8,281,980.0,0.0,2685.0
2026-06-18 13:00:00,39.4,26,12.1,282,979.4,0.0,2760.0
2026-06-18 14:00:00,39.0,28,13.2,285,978.4,0.0,2615.0
2026-06-18 15:00:00,38.6,29,13.1,282,977.7,0.0,2300.0
2026-06-18 16:00:00,37.9,30,15.3,292,977.4,0.1,2240.0
2026-06-18 17:00:00,38.6,25,12.5,293,976.2,0.0,2200.0
2026-06-18 18:00:00,37.5,27,13.0,299,976.5,0.0,1745.0
2026-06-18 19:00:00,36.1,30,12.6,296,977.4,0.0,885.0
2026-06-18 20:00:00,35.3,32,11.0,295,978.0,0.0,690.0
2026-06-18 21:00:00,34.9,34,9.5,295,978.7,0.0,620.0
2026-06-18 22:00:00,33.9,38,11.8,293,979.4,0.0,510.0
2026-06-18 23:00:00,32.4,42,10.1,280,979.2,0.0,530.0
2026-06-19 00:00:00,31.7,44,10.6,288,979.3,0.0,485.0
2026-06-19 01:00:00,31.4,44,8.3,297,979.1,0.0,455.0
2026-06-19 02:00:00,31.1,45,10.9,287,978.7,0.0,575.0
2026-06-19 03:00:00,30.3,47,11.5,292,979.1,0.0,535.0
2026-06-19 04:00:00,29.6,49,7.6,295,979.0,0.0,375.0
2026-06-19 05:00:00,28.2,61,7.5,278,979.0,0.0,385.0
2026-06-19 06:00:00,28.2,60,8.6,260,979.6,0.0,365.0
2026-06-19 07:00:00,29.2,56,5.4,291,979.6,0.0,320.0
2026-06-19 08:00:00,31.2,49,1.9,304,979.8,0.0,415.0
2026-06-19 09:00:00,33.0,45,2.9,277,980.0,0.0,645.0
2026-06-19 10:00:00,34.9,40,4.4,277,980.2,0.0,1125.0
2026-06-19 11:00:00,37.2,34,7.5,281,980.3,0.0,2135.0
2026-06-19 12:00:00,37.8,32,11.1,278,979.9,0.0,2420.0
2026-06-19 13:00:00,38.1,32,12.8,273,979.5,0.0,2485.0
2026-06-19 14:00:00,38.1,32,13.3,271,979.0,0.0,2410.0
2026-06-19 15:00:00,37.8,33,12.5,275,978.5,0.0,2220.0
2026-06-19 16:00:00,37.5,34,11.5,284,977.7,0.0,2000.0
2026-06-19 17:00:00,37.8,28,12.6,275,977.7,0.0,2010.0
2026-06-19 18:00:00,36.9,31,13.5,293,977.8,0.0,1805.0
2026-06-19 19:00:00,36.1,33,12.7,303,978.2,0.0,1695.0
2026-06-19 20:00:00,35.5,36,10.4,306,978.9,0.0,1690.0
2026-06-19 21:00:00,34.9,38,8.0,312,979.9,0.0,1205.0
2026-06-19 22:00:00,34.3,40,7.3,314,980.4,0.0,690.0
2026-06-19 23:00:00,33.4,44,8.5,276,980.3,0.0,610.0
2026-06-20 00:00:00,32.6,46,8.0,284,979.9,0.0,525.0
2026-06-20 01:00:00,32.2,46,8.0,286,979.5,0.0,460.0
2026-06-20 02:00:00,31.7,46,7.7,291,979.3,0.0,375.0
2026-06-20 03:00:00,31.2,47,6.4,288,978.9,0.0,290.0
2026-06-20 04:00:00,30.7,48,5.9,281,979.0,0.0,230.0
2026-06-20 05:00:00,30.8,53,6.1,282,978.8,0.0,235.0
2026-06-20 06:00:00,31.0,53,5.0,272,979.5,0.0,240.0
2026-06-20 07:00:00,32.3,49,5.8,292,979.9,0.0,515.0
2026-06-20 08:00:00,34.2,43,8.9,291,980.6,0.0,1515.0
2026-06-20 09:00:00,35.3,40,14.9,287,980.9,0.1,1790.0
2026-06-20 10:00:00,36.1,38,13.9,289,981.1,0.1,1960.0
2026-06-20 11:00:00,36.3,39,14.3,288,980.6,0.0,2095.0
2026-06-20 12:00:00,37.1,36,13.9,287,980.2,0.0,2205.0
2026-06-20 13:00:00,37.6,34,13.2,287,979.5,0.0,2325.0
2026-06-20 14:00:00,38.1,32,13.3,295,978.9,0.0,2405.0
2026-06-20 15:00:00,38.1,31,12.8,296,978.2,0.0,2380.0
2026-06-20 16:00:00,37.8,32,12.5,290,977.6,0.0,2310.0
2026-06-20 17:00:00,33.8,46,0.6,108,978.1,0.0,305.0
2026-06-20 18:00:00,34.5,42,7.4,225,977.5,0.3,210.0
2026-06-20 19:00:00,34.8,41,5.9,239,977.7,0.0,190.0
2026-06-20 20:00:00,35.0,40,7.0,271,978.0,0.0,320.0
2026-06-20 21:00:00,34.9,38,7.3,263,978.8,0.0,280.0
2026-06-20 22:00:00,34.1,41,9.9,249,979.3,0.0,360.0
2026-06-20 23:00:00,33.4,43,11.3,248,979.1,0.0,380.0
2026-06-21 00:00:00,32.8,42,10.0,262,978.8,0.0,405.0
2026-06-21 01:00:00,32.1,43,8.2,262,978.5,0.0,325.0
2026-06-21 02:00:00,31.4,45,7.8,262,978.3,0.0,245.0
2026-06-21 03:00:00,31.0,47,7.6,266,978.1,0.0,230.0
2026-06-21 04:00:00,30.7,48,7.2,264,978.1,0.0,235.0
2026-06-21 05:00:00,30.1,51,8.1,274,978.5,0.0,395.0
2026-06-21 06:00:00,30.6,51,5.9,297,979.1,0.0,380.0
2026-06-21 07:00:00,31.3,48,8.3,270,979.5,0.0,415.0
2026-06-21 08:00:00,31.7,47,9.6,287,979.6,0.0,490.0
2026-06-21 09:00:00,32.1,47,8.0,279,979.6,0.0,505.0
2026-06-21 10:00:00,34.4,43,8.4,280,979.6,0.0,915.0
2026-06-21 11:00:00,33.9,43,10.0,278,979.4,0.0,995.0
2026-06-21 12:00:00,35.0,39,8.8,282,979.0,0.0,1570.0
2026-06-21 13:00:00,36.4,34,8.6,271,978.0,0.0,1910.0
2026-06-21 14:00:00,37.3,31,10.4,270,977.2,0.0,2110.0
2026-06-21 15:00:00,38.1,29,10.7,275,976.4,0.0,2245.0
2026-06-21 16:00:00,38.1,29,10.5,278,976.2,0.0,2495.0
2026-06-21 17:00:00,38.5,28,9.9,251,975.1,0.0,2445.0
2026-06-21 18:00:00,37.6,29,11.8,264,975.3,0.0,2105.0
2026-06-21 19:00:00,36.9,30,10.6,270,976.2,0.0,1700.0
2026-06-21 20:00:00,35.9,33,12.2,261,977.0,0.0,710.0
2026-06-21 21:00:00,35.1,33,13.0,273,977.8,0.0,845.0
2026-06-21 22:00:00,34.3,34,11.0,284,978.3,0.0,650.0
2026-06-21 23:00:00,33.3,36,8.1,288,978.1,0.0,505.0
2026-06-22 00:00:00,32.7,37,6.6,305,978.1,0.0,395.0
2026-06-22 01:00:00,32.1,40,7.6,317,977.9,0.0,445.0
2026-06-22 02:00:00,31.3,45,9.8,332,978.1,0.0,560.0
2026-06-22 03:00:00,30.5,48,5.7,332,977.9,0.0,415.0
2026-06-22 04:00:00,30.1,50,3.4,267,977.8,0.0,230.0
2026-06-22 05:00:00,28.6,59,9.8,264,978.5,0.0,330.0
2026-06-22 06:00:00,28.5,59,11.7,260,979.2,0.0,430.0
2026-06-22 07:00:00,29.7,52,10.4,262,979.7,0.0,455.0
2026-06-22 08:00:00,31.0,46,7.0,271,979.7,0.0,440.0
2026-06-22 09:00:00,31.3,44,8.3,286,980.0,0.0,500.0
2026-06-22 10:00:00,31.7,43,14.2,292,980.4,0.0,945.0
2026-06-22 11:00:00,35.3,34,14.8,302,980.0,0.0,1385.0
2026-06-22 12:00:00,36.6,32,11.5,320,979.0,0.0,1690.0
2026-06-22 13:00:00,35.8,34,11.2,307,978.3,0.0,1760.0
2026-06-22 14:00:00,36.3,33,14.1,291,978.0,0.1,1995.0
2026-06-22 15:00:00,35.7,35,11.7,301,977.5,0.1,1740.0
2026-06-22 16:00:00,35.4,37,11.1,300,977.2,0.2,1870.0
2026-06-22 17:00:00,36.7,29,13.8,303,976.5,0.0,2340.0
2026-06-22 18:00:00,35.8,30,11.8,291,976.4,0.0,1785.0
2026-06-22 19:00:00,35.0,32,9.7,268,976.7,0.0,1245.0
2026-06-22 20:00:00,34.4,35,10.3,263,977.2,0.0,820.0
2026-06-22 21:00:00,34.0,37,9.3,286,978.1,0.0,695.0
2026-06-22 22:00:00,33.4,38,6.5,304,978.3,0.0,495.0
2026-06-22 23:00:00,32.9,43,2.9,274,977.9,0.0,295.0
2026-06-23 00:00:00,32.0,46,3.8,267,977.5,0.0,195.0
2026-06-23 01:00:00,31.4,49,4.7,277,977.4,0.0,215.0
2026-06-23 02:00:00,30.9,51,3.4,313,977.2,0.0,200.0
2026-06-23 03:00:00,30.6,52,3.3,338,977.0,0.0,205.0
2026-06-23 04:00:00,30.3,52,3.5,9,976.9,0.0,215.0
2026-06-23 05:00:00,30.6,56,1.3,326,977.1,0.0,210.0
2026-06-23 06:00:00,31.1,51,2.5,274,977.4,0.0,250.0
2026-06-23 07:00:00,32.3,46,3.2,289,977.9,0.0,500.0
2026-06-23 08:00:00,33.7,41,3.4,302,978.1,0.0,1110.0
2026-06-23 09:00:00,35.3,37,5.7,281,977.9,0.0,1525.0
2026-06-23 10:00:00,36.6,33,8.2,280,977.7,0.0,2420.0
2026-06-23 11:00:00,38.7,28,11.7,279,977.2,0.0,2945.0
2026-06-23 12:00:00,37.7,27,17.8,300,976.9,0.4,2395.0
2026-06-23 13:00:00,36.8,30,10.0,291,976.5,0.4,1980.0
2026-06-23 14:00:00,36.1,32,14.4,271,976.0,0.5,1900.0
2026-06-23 15:00:00,36.2,34,9.8,277,975.5,0.1,1765.0
2026-06-23 16:00:00,35.9,34,11.7,281,975.2,0.0,1860.0
2026-06-23 17:00:00,32.6,44,10.4,222,975.2,0.0,385.0
2026-06-23 18:00:00,33.4,41,5.2,239,974.9,0.0,400.0
2026-06-23 19:00:00,32.9,43,6.1,238,975.2,0.0,285.0
2026-06-23 20:00:00,32.6,45,6.1,242,975.9,0.0,280.0
2026-06-23 21:00:00,32.1,48,4.2,258,976.4,0.0,210.0
2026-06-23 22:00:00,31.4,53,3.2,214,976.9,0.0,135.0
2026-06-23 23:00:00,31.2,54,5.7,229,976.5,0.0,225.0
2026-06-24 00:00:00,30.5,56,3.7,256,976.5,0.0,140.0
2026-06-24 01:00:00,30.1,57,2.7,238,976.4,0.0,110.0
2026-06-24 02:00:00,29.6,59,4.4,218,976.3,0.0,105.0
2026-06-24 03:00:00,29.2,59,3.6,229,976.1,0.0,85.0
2026-06-24 04:00:00,28.9,62,2.3,252,976.1,0.0,50.0
2026-06-24 05:00:00,29.1,62,6.7,200,976.6,0.0,115.0
2026-06-24 06:00:00,29.0,61,8.3,200,977.2,0.0,230.0
2026-06-24 07:00:00,30.2,56,8.2,202,977.7,0.0,325.0
2026-06-24 08:00:00,32.9,43,8.8,219,978.0,0.0,610.0
2026-06-24 09:00:00,34.7,37,9.3,245,978.2,0.0,1125.0
2026-06-24 10:00:00,35.7,35,7.2,248,978.0,0.0,1470.0
2026-06-24 11:00:00,36.5,33,9.8,235,978.3,0.0,2220.0
2026-06-24 12:00:00,35.6,34,12.2,250,977.7,0.0,1935.0
2026-06-24 13:00:00,35.7,33,9.4,252,977.0,0.0,1590.0
2026-06-24 14:00:00,37.6,29,6.8,253,976.0,0.0,1985.0
2026-06-24 15:00:00,38.0,28,6.6,261,975.5,0.0,2065.0
2026-06-24 16:00:00,38.1,26,7.7,270,975.1,0.0,2430.0
2026-06-24 17:00:00,28.6,68,21.3,79,975.4,0.2,275.0
2026-06-24 18:00:00,29.4,55,9.4,197,975.0,0.4,90.0
2026-06-24 19:00:00,31.4,50,10.8,267,975.6,0.0,205.0
2026-06-24 20:00:00,32.1,46,3.9,233,976.1,0.0,100.0
2026-06-24 21:00:00,32.2,49,2.8,255,976.9,0.0,80.0
2026-06-24 22:00:00,32.4,48,3.0,287,977.8,0.0,90.0
2026-06-24 23:00:00,32.8,46,5.5,316,977.7,0.0,195.0
2026-06-25 00:00:00,32.0,50,3.6,330,977.6,0.0,230.0
2026-06-25 01:00:00,31.8,51,2.9,22,977.2,0.0,200.0
2026-06-25 02:00:00,31.7,53,1.2,63,977.0,0.0,130.0
2026-06-25 03:00:00,31.5,56,0.4,153,976.9,0.0,15.0
2026-06-25 04:00:00,31.0,58,0.2,180,977.4,0.0,10.0
2026-06-25 05:00:00,30.4,57,7.1,120,977.4,0.0,155.0
2026-06-25 06:00:00,30.5,58,3.8,188,978.1,0.0,90.0
2026-06-25 07:00:00,30.3,59,9.6,218,979.2,0.3,285.0
2026-06-25 08:00:00,30.2,58,10.9,38,980.2,0.2,290.0
2026-06-25 09:00:00,32.2,52,6.9,203,980.0,0.0,280.0
2026-06-25 10:00:00,34.4,42,4.4,207,980.1,0.2,750.0
2026-06-25 11:00:00,36.9,33,6.6,225,979.6,0.0,2365.0
2026-06-25 12:00:00,37.5,32,6.3,239,979.0,0.0,2350.0
2026-06-25 13:00:00,38.5,31,6.3,252,978.2,0.0,2565.0
2026-06-25 14:00:00,38.9,30,7.0,249,977.5,0.0,2645.0
2026-06-25 15:00:00,39.0,30,7.2,251,976.8,0.0,2725.0
2026-06-25 16:00:00,38.6,30,7.8,266,976.1,0.0,2640.0
2026-06-25 17:00:00,37.4,35,3.2,106,975.8,0.0,1870.0
2026-06-25 18:00:00,37.3,34,3.0,163,975.9,0.0,1905.0
2026-06-25 19:00:00,37.2,34,2.7,200,976.5,0.0,2105.0
2026-06-25 20:00:00,36.6,35,4.4,207,977.3,0.1,2105.0
2026-06-25 21:00:00,35.6,41,4.8,200,978.1,0.0,460.0
2026-06-25 22:00:00,34.8,45,2.7,203,978.7,0.0,350.0
2026-06-25 23:00:00,33.5,45,6.0,286,979.1,0.0,610.0
2026-06-26 00:00:00,33.0,46,4.9,352,978.9,0.0,320.0
2026-06-26 01:00:00,32.9,48,1.5,225,978.5,0.0,210.0
2026-06-26 02:00:00,32.4,50,2.7,228,978.3,0.0,155.0
2026-06-26 03:00:00,32.1,52,3.1,230,978.0,0.0,80.0
2026-06-26 04:00:00,31.3,54,6.4,220,978.7,0.0,165.0
2026-06-26 05:00:00,29.8,67,5.8,244,978.6,0.0,135.0
2026-06-26 06:00:00,30.3,65,4.6,239,979.4,0.0,155.0
2026-06-26 07:00:00,31.8,59,4.9,260,979.8,0.1,230.0
2026-06-26 08:00:00,34.0,50,5.2,264,980.3,0.0,530.0
2026-06-26 09:00:00,35.9,42,4.5,270,980.4,0.0,940.0
2026-06-26 10:00:00,37.6,38,4.3,255,980.4,0.0,1855.0
2026-06-26 11:00:00,39.4,33,5.0,255,980.2,0.0,2845.0
2026-06-26 12:00:00,39.9,31,4.1,270,979.6,0.0,2875.0
2026-06-26 13:00:00,40.5,29,3.4,286,978.8,0.0,2955.0
2026-06-26 14:00:00,40.7,29,2.4,287,978.0,0.0,3175.0
2026-06-26 15:00:00,40.7,28,4.1,315,977.0,0.0,2985.0
2026-06-26 16:00:00,37.6,35,7.4,131,977.1,0.4,1380.0
2026-06-26 17:00:00,30.7,71,6.9,107,976.8,0.6,85.0
2026-06-26 18:00:00,35.4,39,2.9,150,976.8,0.1,170.0
2026-06-26 19:00:00,35.4,38,4.3,213,977.7,0.0,235.0
2026-06-26 20:00:00,35.4,39,4.0,234,978.3,0.0,170.0
2026-06-26 21:00:00,35.2,39,6.3,255,979.0,0.0,310.0
2026-06-26 22:00:00,35.0,40,5.3,282,979.4,0.0,215.0
2026-06-26 23:00:00,34.3,45,4.9,280,979.1,0.0,230.0
2026-06-27 00:00:00,33.6,48,4.4,289,978.6,0.0,195.0
2026-06-27 01:00:00,33.4,49,4.5,284,978.2,0.0,180.0
2026-06-27 02:00:00,33.1,50,4.7,274,978.1,0.0,235.0
2026-06-27 03:00:00,32.4,53,4.7,252,978.2,0.0,180.0
2026-06-27 04:00:00,31.7,58,5.4,270,978.3,0.0,190.0
2026-06-27 05:00:00,26.8,87,5.9,281,978.1,0.0,70.0
2026-06-27 06:00:00,27.5,86,12.8,215,979.2,0.7,185.0
2026-06-27 07:00:00,30.4,68,6.0,267,979.1,0.0,180.0
2026-06-27 08:00:00,33.6,53,5.6,295,979.3,0.0,345.0
2026-06-27 09:00:00,36.2,42,3.4,313,979.4,0.0,735.0
2026-06-27 10:00:00,38.2,35,2.6,295,979.4,0.0,1970.0
2026-06-27 11:00:00,39.6,32,2.3,321,979.2,0.0,2805.0
2026-06-27 12:00:00,38.9,34,5.3,308,978.6,0.0,2745.0
2026-06-27 13:00:00,39.4,33,5.0,314,977.7,0.0,2770.0
2026-06-27 14:00:00,39.8,31,5.2,290,976.9,0.0,2770.0
2026-06-27 15:00:00,40.1,30,6.3,273,976.0,0.0,2785.0
2026-06-27 16:00:00,39.7,30,9.4,271,974.9,0.0,2785.0
2026-06-27 17:00:00,37.2,37,6.4,280,974.7,0.0,445.0
2026-06-27 18:00:00,38.5,33,4.4,212,974.6,0.1,360.0
2026-06-27 19:00:00,37.7,35,5.6,272,975.1,0.2,625.0
2026-06-27 20:00:00,37.0,37,3.5,235,975.6,0.0,390.0
2026-06-27 21:00:00,36.3,40,5.2,180,976.3,0.0,205.0
2026-06-27 22:00:00,35.5,44,6.3,180,976.7,0.0,190.0
2026-06-27 23:00:00,34.8,50,6.6,125,976.0,0.0,130.0
2026-06-28 00:00:00,34.6,53,4.3,228,976.2,0.6,165.0
2026-06-28 01:00:00,33.6,55,5.8,248,976.0,0.0,175.0
2026-06-28 02:00:00,32.0,59,9.1,207,975.7,0.3,115.0
2026-06-28 03:00:00,32.0,54,7.7,208,975.5,0.0,120.0
2026-06-28 04:00:00,31.8,55,4.2,220,975.8,0.0,90.0
2026-06-28 05:00:00,29.5,72,11.0,228,975.2,0.0,135.0
2026-06-28 06:00:00,31.1,66,10.9,220,975.3,0.1,225.0
2026-06-28 07:00:00,33.6,51,9.7,236,975.9,0.0,330.0
2026-06-28 08:00:00,35.1,46,10.4,238,976.6,0.0,575.0
2026-06-28 09:00:00,36.7,43,6.9,256,977.0,0.0,860.0
2026-06-28 10:00:00,38.6,38,4.9,272,977.0,0.0,2340.0
2026-06-28 11:00:00,40.4,32,3.7,309,976.6,0.0,2545.0
2026-06-28 12:00:00,41.5,29,5.6,297,975.7,0.0,2790.0
2026-06-28 13:00:00,41.9,28,7.7,301,974.9,0.0,2920.0
2026-06-28 14:00:00,41.9,29,8.9,310,974.0,0.0,2885.0
2026-06-28 15:00:00,41.8,28,9.5,307,973.3,0.0,2795.0
2026-06-28 16:00:00,41.0,29,12.4,312,972.7,0.0,2650.0
2026-06-28 17:00:00,40.0,30,14.3,317,972.7,0.0,2485.0
2026-06-28 18:00:00,38.8,33,13.5,318,973.1,0.0,2000.0
2026-06-28 19:00:00,37.8,37,9.9,316,973.7,0.0,1285.0
2026-06-28 20:00:00,37.4,38,7.5,314,974.3,0.0,1105.0
2026-06-28 21:00:00,37.1,39,6.7,308,974.9,0.0,1185.0
2026-06-28 22:00:00,36.6,41,5.2,299,975.3,0.0,870.0
2026-06-28 23:00:00,35.5,50,2.5,184,975.1,0.0,50.0
2026-06-29 00:00:00,35.3,49,3.3,189,974.6,0.0,70.0
2026-06-29 01:00:00,34.5,53,3.3,151,974.2,0.0,65.0
2026-06-29 02:00:00,33.7,55,6.5,175,974.1,0.0,145.0
2026-06-29 03:00:00,33.0,58,5.2,209,974.1,0.0,125.0
2026-06-29 04:00:00,32.5,57,4.7,189,974.4,0.0,125.0
2026-06-29 05:00:00,32.5,57,8.6,258,974.2,0.0,215.0
2026-06-29 06:00:00,32.1,58,10.5,241,974.5,0.2,280.0
2026-06-29 07:00:00,33.4,51,10.3,230,974.7,0.0,365.0
2026-06-29 08:00:00,35.6,44,11.7,243,975.3,0.0,800.0
2026-06-29 09:00:00,37.2,38,13.7,274,975.8,0.0,1475.0
2026-06-29 10:00:00,38.3,35,12.1,291,976.0,0.1,1540.0
2026-06-29 11:00:00,39.6,33,10.5,287,975.7,0.0,2230.0
2026-06-29 12:00:00,40.4,30,10.7,293,975.2,0.1,2505.0
2026-06-29 13:00:00,41.2,29,11.0,288,974.3,0.0,2810.0
2026-06-29 14:00:00,41.7,29,13.6,287,973.6,0.0,2875.0
2026-06-29 15:00:00,40.1,31,12.4,296,973.2,1.0,2445.0
2026-06-29 16:00:00,40.0,32,11.6,292,972.3,0.0,2510.0
2026-06-29 17:00:00,41.5,26,12.6,308,972.1,0.0,2980.0
2026-06-29 18:00:00,40.6,26,10.2,319,971.9,0.0,2870.0
2026-06-29 19:00:00,39.6,28,3.9,326,972.4,0.0,2555.0
2026-06-29 20:00:00,38.7,30,3.1,170,973.2,0.0,620.0
2026-06-29 21:00:00,37.5,35,7.3,163,973.8,0.0,365.0
2026-06-29 22:00:00,36.4,40,7.7,164,974.5,0.0,250.0
2026-06-29 23:00:00,35.9,45,6.5,177,974.2,0.0,175.0
2026-06-30 00:00:00,34.2,50,6.7,117,974.0,0.1,150.0
2026-06-30 01:00:00,28.9,78,14.3,109,973.7,1.2,140.0
2026-06-30 02:00:00,30.3,67,9.1,188,972.5,0.3,125.0
2026-06-30 03:00:00,31.0,66,10.0,203,972.9,0.0,125.0
2026-06-30 04:00:00,31.7,60,6.5,208,973.5,0.0,110.0
2026-06-30 05:00:00,31.7,70,6.0,173,973.4,0.0,145.0
2026-06-30 06:00:00,33.5,52,8.5,232,974.0,0.0,940.0
2026-06-30 07:00:00,34.8,41,12.3,264,974.7,0.0,1120.0
2026-06-30 08:00:00,34.7,43,13.4,276,975.5,0.0,1075.0
2026-06-30 09:00:00,35.8,41,14.4,274,975.7,0.0,1210.0
2026-06-30 10:00:00,36.8,39,14.4,286,976.1,0.0,1240.0
2026-06-30 11:00:00,36.5,42,14.1,289,976.2,0.0,1280.0
2026-06-30 12:00:00,38.0,37,11.6,307,976.1,0.0,1660.0
2026-06-30 13:00:00,38.8,36,8.2,320,975.7,0.0,2050.0
2026-06-30 14:00:00,39.5,35,7.6,322,974.7,0.0,2670.0
2026-06-30 15:00:00,38.6,38,5.8,64,974.3,0.0,2330.0
2026-06-30 16:00:00,34.0,61,10.4,79,974.4,2.2,595.0
2026-06-30 17:00:00,32.8,66,7.7,89,973.8,0.5,285.0
2026-06-30 18:00:00,34.8,53,7.4,151,974.0,0.1,515.0
2026-06-30 19:00:00,34.5,54,8.4,145,974.2,0.0,615.0
2026-06-30 20:00:00,33.8,57,12.7,122,974.8,0.0,715.0
2026-06-30 21:00:00,32.4,65,13.3,120,975.5,0.0,515.0
2026-06-30 22:00:00,31.8,70,11.4,123,975.9,0.0,480.0
2026-06-30 23:00:00,31.7,73,12.4,141,976.0,0.0,630.0
2026-07-01 00:00:00,31.3,73,11.1,133,975.7,0.0,595.0
2026-07-01 01:00:00,31.0,74,11.5,124,975.4,0.0,645.0
2026-07-01 02:00:00,30.4,74,11.0,118,975.6,0.0,555.0
2026-07-01 03:00:00,29.9,70,10.5,117,975.4,0.0,440.0
2026-07-01 04:00:00,28.8,74,10.6,105,975.8,0.5,425.0
2026-07-01 05:00:00,27.7,94,10.0,126,975.8,0.3,455.0
2026-07-01 06:00:00,26.9,91,13.8,104,976.5,0.3,480.0
2026-07-01 07:00:00,27.0,90,10.4,108,976.9,0.4,370.0
2026-07-01 08:00:00,28.5,84,8.7,114,977.2,0.1,365.0
2026-07-01 09:00:00,29.7,81,5.2,94,977.6,0.0,355.0
2026-07-01 10:00:00,30.7,77,5.6,86,977.8,0.0,420.0
2026-07-01 11:00:00,30.3,71,8.6,98,978.4,0.1,650.0
2026-07-01 12:00:00,30.8,70,7.2,103,977.9,0.0,605.0
2026-07-01 13:00:00,31.3,69,7.2,109,977.1,0.0,610.0
2026-07-01 14:00:00,32.2,65,8.1,94,976.2,0.0,760.0
2026-07-01 15:00:00,32.7,62,7.9,87,975.4,0.0,930.0
2026-07-01 16:00:00,32.1,65,8.0,81,974.9,0.0,770.0
2026-07-01 17:00:00,32.6,60,9.4,108,974.3,0.0,865.0
2026-07-01 18:00:00,31.2,66,8.0,106,974.4,0.0,615.0
2026-07-01 19:00:00,30.4,70,6.9,110,975.0,0.0,415.0
2026-07-01 20:00:00,29.9,73,5.8,120,975.8,0.0,275.0
2026-07-01 21:00:00,29.8,74,4.6,149,976.6,0.0,230.0
2026-07-01 22:00:00,29.7,75,2.9,184,977.5,0.0,275.0
2026-07-01 23:00:00,30.2,73,6.6,163,977.3,0.1,355.0
2026-07-02 00:00:00,30.2,75,2.3,135,977.4,0.0,300.0
2026-07-02 01:00:00,29.7,75,4.7,358,977.3,0.0,145.0
2026-07-02 02:00:00,28.9,78,7.3,126,976.9,0.1,245.0
2026-07-02 03:00:00,28.1,76,7.1,139,977.0,0.0,175.0
2026-07-02 04:00:00,27.9,75,6.6,137,977.4,0.0,130.0
2026-07-02 05:00:00,25.9,95,6.5,34,977.9,0.0,295.0
2026-07-02 06:00:00,25.9,93,3.8,73,978.2,4.4,180.0
2026-07-02 07:00:00,26.1,93,3.8,229,977.8,1.9,135.0
2026-07-02 08:00:00,26.8,92,4.0,212,977.5,0.4,165.0
2026-07-02 09:00:00,28.3,82,4.3,204,978.1,0.0,300.0
2026-07-02 10:00:00,28.0,83,2.1,211,978.5,0.0,265.0
2026-07-02 11:00:00,27.1,85,0.8,333,978.3,0.0,250.0
2026-07-02 12:00:00,27.9,77,2.7,307,977.9,0.0,340.0
2026-07-02 13:00:00,29.7,69,5.2,6,977.1,0.0,855.0
2026-07-02 14:00:00,30.2,66,6.3,355,976.1,0.0,815.0
2026-07-02 15:00:00,30.8,65,6.6,313,975.5,0.0,880.0
2026-07-02 16:00:00,31.2,64,5.8,340,974.9,0.0,1160.0
2026-07-02 17:00:00,31.5,64,4.0,58,974.6,0.0,1135.0
2026-07-02 18:00:00,31.4,65,3.3,68,974.7,0.0,475.0
2026-07-02 19:00:00,30.7,73,5.3,62,975.1,0.0,360.0
2026-07-02 20:00:00,30.0,78,5.6,73,975.8,0.0,390.0
2026-07-02 21:00:00,29.7,81,5.8,83,976.8,0.0,420.0
2026-07-02 22:00:00,29.3,83,6.2,83,977.5,0.0,400.0
2026-07-02 23:00:00,29.2,82,7.4,91,977.9,0.0,380.0
2026-07-03 00:00:00,28.9,84,5.4,90,977.6,0.0,350.0
2026-07-03 01:00:00,28.6,86,6.4,80,977.4,0.0,365.0
2026-07-03 02:00:00,28.2,87,6.9,84,976.9,0.0,355.0
2026-07-03 03:00:00,27.9,88,6.3,88,976.8,0.0,320.0
2026-07-03 04:00:00,27.8,88,6.5,90,976.7,0.0,305.0
2026-07-03 05:00:00,27.0,91,6.3,66,977.0,0.0,170.0
2026-07-03 06:00:00,27.6,87,5.8,76,977.4,0.0,210.0
2026-07-03 07:00:00,28.8,81,3.6,81,978.0,0.0,240.0
2026-07-03 08:00:00,30.5,73,4.3,85,977.9,0.0,395.0
2026-07-03 09:00:00,32.4,62,6.0,99,977.9,0.0,1040.0
2026-07-03 10:00:00,33.5,55,7.9,125,978.0,0.1,1240.0
2026-07-03 11:00:00,34.5,49,5.8,160,977.6,0.1,1265.0
2026-07-03 12:00:00,33.8,54,6.2,165,977.3,0.3,1225.0
2026-07-03 13:00:00,33.9,55,4.8,155,976.6,0.0,1225.0
2026-07-03 14:00:00,34.0,55,2.9,173,975.6,0.0,1300.0
2026-07-03 15:00:00,34.3,54,2.4,193,975.1,0.0,1365.0
2026-07-03 16:00:00,34.4,53,2.9,187,974.5,0.0,1410.0
2026-07-03 17:00:00,33.8,57,5.6,180,974.0,0.0,1250.0
2026-07-03 18:00:00,32.7,64,5.8,175,974.6,0.0,435.0
2026-07-03 19:00:00,31.6,71,6.5,172,975.3,0.0,270.0
2026-07-03 20:00:00,30.9,75,4.8,165,975.8,0.0,195.0
2026-07-03 21:00:00,30.5,77,4.4,150,976.5,0.0,155.0
2026-07-03 22:00:00,30.4,79,4.2,137,976.6,0.0,130.0
2026-07-03 23:00:00,30.7,75,5.1,135,976.1,0.0,110.0
2026-07-04 00:00:00,30.5,74,3.9,103,976.1,0.0,110.0
2026-07-04 01:00:00,30.2,74,4.0,90,976.0,0.0,105.0
2026-07-04 02:00:00,30.0,74,4.3,95,975.9,0.0,130.0
2026-07-04 03:00:00,29.9,75,3.4,108,975.7,0.0,105.0
2026-07-04 04:00:00,29.9,76,2.4,103,975.6,0.0,60.0
2026-07-04 05:00:00,29.2,82,3.9,124,975.8,0.0,95.0
2026-07-04 06:00:00,29.6,81,3.8,115,976.2,0.0,165.0
2026-07-04 07:00:00,30.7,77,2.8,108,976.7,0.0,280.0
2026-07-04 08:00:00,31.2,71,4.9,126,976.4,0.2,590.0
2026-07-04 09:00:00,32.2,66,4.3,158,976.2,0.4,820.0
2026-07-04 10:00:00,33.4,62,4.1,151,976.4,0.0,1280.0
2026-07-04 11:00:00,32.6,65,2.5,159,976.3,0.1,1090.0
2026-07-04 12:00:00,34.1,57,2.4,207,976.1,0.3,1175.0
2026-07-04 13:00:00,35.7,51,2.2,265,975.0,0.1,1445.0
2026-07-04 14:00:00,36.4,49,3.9,294,974.1,0.0,1525.0
2026-07-04 15:00:00,36.5,48,5.1,306,973.3,0.1,1545.0
2026-07-04 16:00:00,36.5,49,5.2,326,972.7,0.1,1585.0
2026-07-04 17:00:00,33.4,67,6.8,335,972.8,0.1,785.0
2026-07-04 18:00:00,32.9,70,4.6,9,972.4,0.0,630.0
2026-07-04 19:00:00,32.1,78,2.2,76,972.8,0.0,85.0
2026-07-04 20:00:00,31.7,79,4.3,85,973.3,0.0,130.0
2026-07-04 21:00:00,31.5,81,2.7,132,973.8,0.0,30.0
2026-07-04 22:00:00,31.0,82,6.2,120,974.6,0.0,235.0
2026-07-04 23:00:00,31.7,76,6.1,66,974.6,0.0,260.0
2026-07-05 00:00:00,30.8,81,3.5,35,974.0,0.0,125.0
2026-07-05 01:00:00,30.4,84,3.2,16,974.0,0.0,120.0
2026-07-05 02:00:00,30.2,85,4.5,34,973.9,0.0,165.0
2026-07-05 03:00:00,29.7,86,6.1,120,974.0,0.0,220.0
2026-07-05 04:00:00,29.0,88,6.9,123,974.2,0.5,255.0
2026-07-05 05:00:00,28.8,91,6.6,101,974.3,0.1,165.0
2026-07-05 06:00:00,29.4,87,3.8,87,974.7,0.0,165.0
2026-07-05 07:00:00,30.8,80,3.8,93,975.4,0.0,200.0
2026-07-05 08:00:00,32.8,70,4.7,99,975.5,0.0,490.0
2026-07-05 09:00:00,34.4,59,4.7,118,975.4,0.0,1070.0
2026-07-05 10:00:00,34.5,55,8.8,102,975.4,0.2,1275.0
2026-07-05 11:00:00,31.5,75,6.5,30,975.8,2.5,395.0
2026-07-05 12:00:00,33.9,64,1.7,13,975.1,0.0,950.0
2026-07-05 13:00:00,33.4,63,8.4,83,974.5,0.2,880.0
2026-07-05 14:00:00,32.1,71,8.5,89,973.7,0.2,450.0
2026-07-05 15:00:00,32.9,69,2.7,82,973.0,0.0,525.0
2026-07-05 16:00:00,33.4,66,1.2,63,972.6,0.0,710.0
2026-07-05 17:00:00,31.5,72,5.3,82,972.2,0.0,510.0
2026-07-05 18:00:00,31.2,74,3.3,61,972.7,0.0,475.0
2026-07-05 19:00:00,30.9,77,7.4,89,973.6,0.0,370.0
2026-07-05 20:00:00,30.6,80,8.8,116,974.4,0.0,360.0
2026-07-05 21:00:00,30.3,82,6.3,114,975.1,0.0,325.0
2026-07-05 22:00:00,30.0,84,4.0,100,975.5,0.0,270.0
2026-07-05 23:00:00,30.0,82,3.9,114,974.8,0.0,195.0
2026-07-06 00:00:00,30.1,80,7.3,115,975.0,0.0,295.0
2026-07-06 01:00:00,30.1,77,6.5,113,975.2,0.0,380.0
2026-07-06 02:00:00,29.9,77,7.3,123,974.9,0.0,385.0
2026-07-06 03:00:00,29.7,77,5.1,129,974.4,0.0,285.0
2026-07-06 04:00:00,29.6,78,1.6,174,975.0,0.0,175.0
2026-07-06 05:00:00,26.8,95,5.9,88,974.4,0.0,75.0
2026-07-06 06:00:00,27.7,94,5.1,58,975.0,0.0,150.0
2026-07-06 07:00:00,28.7,89,3.1,59,975.1,0.0,200.0
2026-07-06 08:00:00,30.3,82,3.5,81,976.0,0.0,325.0
2026-07-06 09:00:00,31.7,76,4.4,111,976.3,0.0,595.0
2026-07-06 10:00:00,33.0,67,5.7,131,976.4,0.1,925.0
2026-07-06 11:00:00,34.1,55,7.3,144,976.1,0.0,1150.0
2026-07-06 12:00:00,35.3,50,2.3,151,975.3,0.0,1435.0
2026-07-06 13:00:00,36.1,48,0.4,297,974.8,0.0,1605.0
2026-07-06 14:00:00,36.5,48,2.0,280,973.8,0.0,1775.0
2026-07-06 15:00:00,36.7,48,2.6,286,973.2,0.0,1930.0
2026-07-06 16:00:00,36.6,48,1.1,279,972.5,0.0,1855.0
2026-07-06 17:00:00,34.5,59,7.0,119,972.2,0.0,520.0
2026-07-06 18:00:00,33.6,68,4.5,143,972.7,0.4,150.0
2026-07-06 19:00:00,32.5,76,3.3,229,973.3,0.0,45.0
2026-07-06 20:00:00,32.1,80,2.0,5,973.7,0.0,30.0
2026-07-06 21:00:00,32.0,78,4.2,83,974.7,0.0,145.0
2026-07-06 22:00:00,31.7,76,4.2,102,975.1,0.0,155.0
2026-07-06 23:00:00,31.1,79,3.5,111,975.1,0.0,85.0
2026-07-07 00:00:00,31.0,80,3.1,90,975.0,0.0,70.0
2026-07-07 01:00:00,30.9,81,2.3,94,974.6,0.0,65.0
2026-07-07 02:00:00,30.6,82,4.0,120,974.3,0.0,140.0
2026-07-07 03:00:00,30.2,84,3.7,125,973.6,0.0,160.0
2026-07-07 04:00:00,29.8,85,4.0,175,974.1,0.0,145.0
2026-07-07 05:00:00,27.5,96,7.9,16,974.3,0.0,120.0
2026-07-07 06:00:00,27.6,95,5.6,360,974.6,1.2,130.0
2026-07-07 07:00:00,28.2,95,5.0,178,975.1,0.1,155.0
2026-07-07 08:00:00,29.8,88,5.2,245,975.7,0.0,295.0
2026-07-07 09:00:00,31.6,76,7.5,250,975.6,0.0,495.0
2026-07-07 10:00:00,32.8,68,7.3,224,975.5,0.0,765.0
2026-07-07 11:00:00,31.0,81,4.9,287,975.3,0.0,440.0
2026-07-07 12:00:00,32.5,70,1.4,203,975.0,0.0,840.0
2026-07-07 13:00:00,30.9,72,5.7,307,974.6,0.6,425.0
2026-07-07 14:00:00,31.9,69,1.5,346,973.5,0.2,455.0
2026-07-07 15:00:00,32.5,64,6.2,73,972.8,0.0,925.0
2026-07-07 16:00:00,30.4,78,9.8,96,972.3,0.0,425.0
2026-07-07 17:00:00,26.5,94,7.6,89,972.2,0.0,210.0
2026-07-07 18:00:00,26.7,96,2.0,80,972.1,3.1,170.0
2026-07-07 19:00:00,26.8,96,2.6,282,972.9,1.6,125.0
2026-07-07 20:00:00,27.0,96,4.3,92,973.8,1.0,155.0
2026-07-07 21:00:00,26.9,97,6.6,103,975.0,0.5,190.0
2026-07-07 22:00:00,27.0,96,2.8,130,975.2,0.1,155.0
2026-07-07 23:00:00,27.0,95,4.0,95,974.4,0.0,155.0
2026-07-08 00:00:00,26.9,95,1.6,96,974.3,0.0,130.0
2026-07-08 01:00:00,27.0,94,1.4,310,973.7,0.0,80.0
2026-07-08 02:00:00,26.9,96,9.6,323,973.8,0.0,270.0
2026-07-08 03:00:00,26.8,94,4.6,9,973.8,0.0,150.0
2026-07-08 04:00:00,26.7,93,8.2,26,973.9,0.0,305.0
2026-07-08 05:00:00,26.1,97,7.1,30,973.6,0.5,400.0
2026-07-08 06:00:00,26.3,97,9.5,33,973.6,1.5,425.0
2026-07-08 07:00:00,26.6,97,9.7,59,973.9,0.9,440.0
2026-07-08 08:00:00,27.1,94,10.8,69,974.3,0.2,385.0
2026-07-08 09:00:00,27.8,89,9.3,63,974.5,0.1,470.0
2026-07-08 10:00:00,28.7,83,10.1,70,974.7,0.0,555.0
2026-07-08 11:00:00,27.3,92,8.3,89,974.7,0.1,410.0
2026-07-08 12:00:00,27.7,88,8.1,61,974.3,1.2,480.0
2026-07-08 13:00:00,29.1,79,7.7,57,973.6,0.1,665.0
2026-07-08 14:00:00,29.3,78,8.3,41,973.0,0.1,600.0
2026-07-08 15:00:00,29.0,80,7.8,13,972.3,0.1,545.0
2026-07-08 16:00:00,29.1,80,7.9,4,971.9,0.3,535.0
2026-07-08 17:00:00,27.1,91,8.0,44,972.3,0.1,355.0
2026-07-08 18:00:00,26.5,96,8.1,360,972.0,2.1,220.0
2026-07-08 19:00:00,26.3,95,8.4,25,972.3,0.7,215.0
2026-07-08 20:00:00,26.5,94,8.8,33,973.2,0.2,350.0
2026-07-08 21:00:00,26.6,95,10.3,27,973.7,0.6,420.0
2026-07-08 22:00:00,26.7,96,10.2,32,973.7,1.0,540.0
2026-07-08 23:00:00,26.2,94,8.6,16,973.4,2.0,390.0
2026-07-09 00:00:00,26.0,96,9.0,357,973.0,1.9,335.0
2026-07-09 01:00:00,25.9,95,9.9,2,972.3,1.8,350.0
2026-07-09 02:00:00,25.8,96,9.4,352,972.1,1.8,365.0
2026-07-09 03:00:00,25.8,95,9.9,335,971.9,1.7,450.0
2026-07-09 04:00:00,25.7,96,10.2,321,972.2,8.0,395.0
2026-07-09 05:00:00,25.4,96,11.4,355,972.7,18.1,525.0
2026-07-09 06:00:00,25.2,97,11.1,333,972.2,10.1,350.0
2026-07-09 07:00:00,25.0,98,16.5,349,972.5,7.3,430.0
2026-07-09 08:00:00,25.6,93,18.9,2,973.5,12.1,620.0
2026-07-09 09:00:00,25.3,94,15.8,352,973.9,15.1,595.0
2026-07-09 10:00:00,25.4,94,13.2,331,974.4,9.0,560.0
2026-07-09 11:00:00,25.2,94,8.8,20,975.6,8.1,375.0
2026-07-09 12:00:00,25.4,94,6.9,327,975.4,3.5,325.0
2026-07-09 13:00:00,26.4,92,7.5,320,974.8,1.2,565.0
2026-07-09 14:00:00,27.9,83,11.5,335,974.2,0.1,740.0
2026-07-09 15:00:00,28.6,78,12.4,341,974.4,0.0,735.0
2026-07-09 16:00:00,28.9,77,10.4,326,973.7,0.0,705.0
2026-07-09 17:00:00,29.2,75,12.9,335,973.5,0.0,780.0
2026-07-09 18:00:00,28.3,80,10.6,341,973.7,0.0,605.0
2026-07-09 19:00:00,27.3,86,8.5,348,974.5,0.0,435.0
2026-07-09 20:00:00,26.8,89,6.4,328,974.8,0.0,380.0
2026-07-09 21:00:00,26.5,91,5.8,358,975.6,0.0,305.0
2026-07-09 22:00:00,26.1,92,4.7,310,975.4,0.0,180.0
2026-07-09 23:00:00,27.1,95,6.4,350,975.5,0.0,250.0
2026-07-10 00:00:00,26.5,97,6.2,345,975.2,0.0,220.0
2026-07-10 01:00:00,26.3,97,5.6,303,974.6,0.0,190.0
2026-07-10 02:00:00,26.0,97,6.3,325,974.3,0.0,230.0
2026-07-10 03:00:00,25.7,96,6.8,307,974.1,0.0,235.0
2026-07-10 04:00:00,25.5,96,7.1,294,974.7,0.0,235.0
2026-07-10 05:00:00,26.9,97,6.3,263,974.5,0.0,180.0
2026-07-10 06:00:00,27.2,94,6.2,291,974.7,0.3,275.0
2026-07-10 07:00:00,27.8,90,7.4,356,975.7,0.1,450.0
2026-07-10 08:00:00,28.4,86,6.6,299,976.0,0.2,460.0
2026-07-10 09:00:00,30.1,79,9.9,318,976.3,0.0,915.0
2026-07-10 10:00:00,30.0,78,11.5,350,976.6,0.0,810.0
2026-07-10 11:00:00,31.1,73,9.7,320,976.3,0.0,965.0
2026-07-10 12:00:00,32.1,68,10.0,322,976.2,0.0,1145.0
2026-07-10 13:00:00,32.5,66,10.5,329,975.1,0.0,1170.0
2026-07-10 14:00:00,32.8,63,10.7,327,974.7,0.0,1155.0
2026-07-10 15:00:00,33.0,62,10.5,335,974.3,0.0,1165.0
2026-07-10 16:00:00,32.8,62,8.7,339,973.7,0.0,995.0
2026-07-10 17:00:00,32.0,64,4.5,323,973.3,0.0,635.0
2026-07-10 18:00:00,31.3,72,4.0,267,973.8,0.0,155.0
2026-07-10 19:00:00,30.1,78,4.6,261,974.3,0.0,95.0
2026-07-10 20:00:00,29.6,79,7.2,266,974.9,0.0,190.0
2026-07-10 21:00:00,29.1,81,8.1,274,975.5,0.0,325.0
2026-07-10 22:00:00,28.5,86,3.6,250,975.5,0.0,200.0
2026-07-10 23:00:00,28.3,87,4.8,283,975.4,0.0,160.0
2026-07-11 00:00:00,27.9,89,5.2,268,974.7,0.0,120.0
2026-07-11 01:00:00,27.7,89,5.2,266,974.3,0.0,150.0
2026-07-11 02:00:00,27.6,90,2.4,279,973.7,0.0,55.0
2026-07-11 03:00:00,27.5,91,1.9,326,973.8,0.0,45.0
2026-07-11 04:00:00,27.5,91,0.8,225,974.0,0.0,20.0
2026-07-11 05:00:00,27.4,93,2.8,310,974.0,0.0,55.0
2026-07-11 06:00:00,27.7,93,4.8,297,974.3,0.0,105.0
2026-07-11 07:00:00,28.6,87,1.7,41,974.7,0.0,195.0
2026-07-11 08:00:00,29.1,84,5.6,69,975.6,0.0,260.0
2026-07-11 09:00:00,30.5,77,4.7,212,975.6,0.0,875.0
2026-07-11 10:00:00,32.3,64,10.3,270,975.4,0.0,1090.0
2026-07-11 11:00:00,33.1,60,11.8,289,975.3,0.0,1200.0
2026-07-11 12:00:00,33.7,59,9.3,299,974.9,0.1,1230.0
2026-07-11 13:00:00,34.1,58,8.1,299,974.1,0.1,1260.0
2026-07-11 14:00:00,34.3,57,6.6,291,973.4,0.1,1305.0
2026-07-11 15:00:00,34.2,57,5.8,275,972.8,0.0,1295.0
2026-07-11 16:00:00,34.2,57,6.4,243,972.2,0.0,1335.0
2026-07-11 17:00:00,34.1,61,4.9,242,972.1,0.0,1050.0
2026-07-11 18:00:00,32.7,71,4.6,211,972.3,0.0,165.0
2026-07-11 19:00:00,31.7,78,2.3,162,972.7,0.0,30.0
2026-07-11 20:00:00,31.5,79,1.0,149,973.4,0.0,15.0
2026-07-11 21:00:00,31.0,81,4.0,170,974.0,0.0,55.0
2026-07-11 22:00:00,30.7,77,6.2,187,974.1,0.0,165.0
2026-07-11 23:00:00,31.0,76,5.4,214,973.8,0.0,130.0
2026-07-12 00:00:00,29.9,79,7.8,226,972.8,0.0,135.0
2026-07-12 01:00:00,29.5,80,6.6,237,972.3,0.0,135.0
2026-07-12 02:00:00,29.1,80,6.0,249,971.9,0.0,115.0
2026-07-12 03:00:00,28.9,79,6.5,240,971.3,0.0,135.0
2026-07-12 04:00:00,28.7,78,5.9,243,971.3,0.0,120.0
2026-07-12 05:00:00,29.4,74,10.9,243,971.1,0.0,435.0
2026-07-12 06:00:00,29.6,72,10.5,246,971.7,0.0,490.0
2026-07-12 07:00:00,30.5,70,10.5,253,972.2,0.0,570.0
2026-07-12 08:00:00,31.3,67,12.3,258,972.6,0.0,690.0
2026-07-12 09:00:00,32.2,64,11.8,261,973.1,0.0,755.0
2026-07-12 10:00:00,33.2,62,11.4,264,973.2,0.0,870.0
2026-07-12 11:00:00,34.3,59,11.8,276,973.3,0.0,1085.0
2026-07-12 12:00:00,34.6,57,10.7,286,973.4,0.1,1270.0
2026-07-12 13:00:00,35.0,55,9.6,290,972.7,0.1,1295.0
2026-07-12 14:00:00,35.0,55,8.8,290,972.3,0.1,1400.0
2026-07-12 15:00:00,34.3,59,8.9,297,972.2,0.3,1045.0
2026-07-12 16:00:00,32.4,65,9.6,311,972.2,0.3,450.0
2026-07-12 17:00:00,34.6,58,5.4,276,971.6,0.6,1230.0
2026-07-12 18:00:00,33.6,68,3.8,289,971.6,0.0,165.0
2026-07-12 19:00:00,32.3,73,4.2,295,971.9,0.0,75.0
2026-07-12 20:00:00,31.9,75,2.7,270,972.6,0.0,40.0
2026-07-12 21:00:00,31.5,77,2.4,228,973.4,0.0,35.0
2026-07-12 22:00:00,31.1,78,3.4,245,973.9,0.0,40.0
2026-07-12 23:00:00,31.5,72,8.4,254,973.5,0.0,220.0
2026-07-13 00:00:00,30.5,72,11.3,245,973.1,0.1,545.0
2026-07-13 01:00:00,30.5,64,13.7,275,973.0,0.0,800.0
2026-07-13 02:00:00,29.6,67,9.8,283,973.0,0.0,510.0
2026-07-13 03:00:00,28.9,70,7.7,270,972.8,0.0,325.0
2026-07-13 04:00:00,28.4,72,7.9,274,973.1,0.0,315.0
2026-07-13 05:00:00,29.0,73,11.6,262,973.1,0.0,435.0
2026-07-13 06:00:00,29.1,72,11.5,262,973.3,0.0,450.0
2026-07-13 07:00:00,30.0,70,10.4,268,973.8,0.0,540.0
2026-07-13 08:00:00,31.2,67,9.5,268,974.6,0.0,670.0
2026-07-13 09:00:00,32.4,63,11.0,275,974.7,0.0,820.0
2026-07-13 10:00:00,33.4,60,10.8,281,974.8,0.0,1155.0
2026-07-13 11:00:00,34.7,54,10.3,285,974.7,0.0,1275.0
2026-07-13 12:00:00,35.2,51,7.7,286,974.8,0.0,1410.0
2026-07-13 13:00:00,35.7,48,5.9,268,974.4,0.0,1570.0
2026-07-13 14:00:00,35.8,48,6.9,264,973.9,0.0,1640.0
2026-07-13 15:00:00,35.6,49,8.8,261,973.3,0.0,1585.0
2026-07-13 16:00:00,35.4,50,8.5,265,973.1,0.0,1660.0
2026-07-13 17:00:00,34.3,65,5.2,155,972.6,0.0,160.0
2026-07-13 18:00:00,33.5,71,4.4,150,973.0,0.0,125.0
2026-07-13 19:00:00,32.6,74,3.8,197,973.4,0.0,80.0
2026-07-13 20:00:00,32.2,67,6.4,252,974.1,0.0,145.0
2026-07-13 21:00:00,31.8,63,6.1,273,974.5,0.0,110.0
2026-07-13 22:00:00,30.8,69,6.4,310,975.3,0.0,225.0
2026-07-13 23:00:00,30.6,72,6.1,240,974.9,0.0,75.0
2026-07-14 00:00:00,29.8,77,4.3,253,974.9,0.0,65.0
2026-07-14 01:00:00,29.7,77,5.1,238,974.4,0.0,90.0
2026-07-14 02:00:00,29.8,72,7.6,265,974.4,0.0,240.0
2026-07-14 03:00:00,29.3,74,6.6,303,974.3,0.0,205.0
2026-07-14 04:00:00,28.7,77,6.2,330,974.7,0.0,175.0
2026-07-14 05:00:00,26.1,95,5.3,258,975.3,0.0,115.0
2026-07-14 06:00:00,26.4,85,19.6,250,975.3,1.0,255.0
2026-07-14 07:00:00,28.1,76,9.7,242,975.4,0.1,90.0
2026-07-14 08:00:00,30.8,70,7.9,266,975.6,0.0,380.0
2026-07-14 09:00:00,32.0,65,8.0,262,976.3,0.0,500.0
2026-07-14 10:00:00,33.4,60,9.8,262,976.7,0.0,955.0
2026-07-14 11:00:00,35.2,51,11.7,287,976.9,0.0,1480.0
2026-07-14 12:00:00,35.6,48,9.6,296,976.7,0.0,1550.0
2026-07-14 13:00:00,36.0,46,8.6,293,976.3,0.0,1695.0
2026-07-14 14:00:00,36.2,45,7.7,291,975.7,0.0,1750.0
2026-07-14 15:00:00,36.2,45,8.3,290,975.1,0.0,1815.0
2026-07-14 16:00:00,35.8,45,9.9,292,974.9,0.0,1760.0
2026-07-14 17:00:00,28.1,89,8.2,194,975.0,0.0,130.0
2026-07-14 18:00:00,28.7,89,9.7,205,975.0,1.1,190.0
2026-07-14 19:00:00,28.2,88,11.3,193,976.0,0.1,230.0
2026-07-14 20:00:00,28.0,83,6.5,208,976.7,0.0,145.0
2026-07-14 21:00:00,28.4,80,5.8,202,977.1,0.0,90.0
2026-07-14 22:00:00,28.7,76,6.6,221,977.6,0.0,125.0
2026-07-14 23:00:00,29.4,74,4.6,225,977.4,0.0,65.0
2026-07-15 00:00:00,27.4,83,7.4,84,977.2,0.0,70.0
2026-07-15 01:00:00,26.3,87,9.4,150,976.9,0.0,85.0
2026-07-15 02:00:00,25.9,88,6.9,173,976.7,0.0,65.0
2026-07-15 03:00:00,26.2,90,2.6,78,976.2,0.0,40.0
2026-07-15 04:00:00,26.3,91,2.3,119,976.3,0.0,35.0
2026-07-15 05:00:00,26.4,88,6.8,180,976.9,0.0,200.0
2026-07-15 06:00:00,25.4,96,9.5,111,977.7,2.4,135.0
2026-07-15 07:00:00,26.0,98,7.2,168,977.5,0.9,95.0
2026-07-15 08:00:00,29.1,84,5.3,188,978.1,0.1,355.0
2026-07-15 09:00:00,31.9,65,5.6,249,978.5,0.0,740.0
2026-07-15 10:00:00,33.7,55,8.7,275,978.8,0.0,955.0
2026-07-15 11:00:00,35.4,48,8.8,271,978.8,0.0,1605.0
2026-07-15 12:00:00,36.0,44,8.5,276,978.5,0.0,1825.0
2026-07-15 13:00:00,36.3,42,9.7,281,977.7,0.0,1880.0
2026-07-15 14:00:00,36.3,43,9.7,294,977.3,0.0,1875.0
2026-07-15 15:00:00,36.1,43,9.2,293,976.9,0.0,1790.0
2026-07-15 16:00:00,35.8,44,9.4,274,976.4,0.0,1615.0
2026-07-15 17:00:00,34.0,52,8.8,178,976.0,0.0,380.0
2026-07-15 18:00:00,32.8,57,8.1,176,976.4,0.0,200.0
2026-07-15 19:00:00,31.9,64,7.6,198,977.0,0.0,195.0
2026-07-15 20:00:00,31.6,65,8.3,237,977.6,0.0,200.0
2026-07-15 21:00:00,31.5,64,6.4,260,978.3,0.0,160.0
2026-07-15 22:00:00,31.2,64,4.9,262,978.8,0.0,130.0
2026-07-15 23:00:00,31.8,63,5.6,239,978.1,0.0,100.0
2026-07-16 00:00:00,31.0,66,6.3,257,978.4,0.0,200.0
2026-07-16 01:00:00,30.6,67,5.2,256,978.0,0.0,135.0
2026-07-16 02:00:00,30.3,67,6.1,251,977.9,0.0,130.0
2026-07-16 03:00:00,30.0,66,7.5,253,977.8,0.0,180.0
2026-07-16 04:00:00,29.8,65,9.0,268,977.9,0.0,310.0
2026-07-16 05:00:00,30.0,64,9.0,269,978.0,0.0,235.0
2026-07-16 06:00:00,30.2,63,9.2,274,978.2,0.0,260.0
2026-07-16 07:00:00,31.3,61,7.9,270,978.6,0.0,320.0
2026-07-16 08:00:00,32.7,56,9.2,282,978.8,0.0,430.0
2026-07-16 09:00:00,34.1,53,9.6,284,979.1,0.0,950.0
2026-07-16 10:00:00,35.6,48,10.9,290,979.2,0.0,1690.0
2026-07-16 11:00:00,36.9,42,12.6,303,979.2,0.0,1865.0
2026-07-16 12:00:00,36.7,42,11.7,299,978.9,0.0,1890.0
2026-07-16 13:00:00,37.1,40,12.5,295,978.1,0.0,1930.0
2026-07-16 14:00:00,37.3,40,12.5,298,977.5,0.0,1960.0
2026-07-16 15:00:00,37.2,39,12.5,297,976.7,0.0,1980.0
2026-07-16 16:00:00,37.1,39,11.4,296,976.2,0.0,2050.0
2026-07-16 17:00:00,37.3,38,12.4,310,975.5,0.0,2055.0
2026-07-16 18:00:00,36.6,40,7.8,314,975.8,0.0,1475.0
2026-07-16 19:00:00,35.1,46,5.2,316,976.3,0.0,190.0
2026-07-16 20:00:00,34.3,56,2.4,306,976.9,0.0,40.0
2026-07-16 21:00:00,34.0,59,1.5,339,977.6,0.0,20.0
2026-07-16 22:00:00,33.7,61,1.5,21,977.7,0.0,25.0
2026-07-16 23:00:00,34.3,58,1.4,180,977.0,0.0,20.0
2026-07-17 00:00:00,33.2,60,3.2,183,976.8,0.0,35.0
2026-07-17 01:00:00,32.5,65,2.3,162,976.6,0.0,55.0
2026-07-17 02:00:00,31.7,67,2.8,225,976.6,0.0,85.0
2026-07-17 03:00:00,31.1,69,4.0,252,976.5,0.0,95.0
2026-07-17 04:00:00,30.7,70,4.6,239,976.7,0.0,70.0
2026-07-17 05:00:00,31.1,70,3.5,279,976.7,0.0,115.0
2026-07-17 06:00:00,31.0,69,7.0,252,977.4,0.0,145.0
2026-07-17 07:00:00,31.8,65,7.5,260,977.8,0.0,270.0
2026-07-17 08:00:00,33.0,56,9.4,268,978.1,0.0,400.0
2026-07-17 09:00:00,34.5,51,10.5,277,978.3,0.0,680.0
2026-07-17 10:00:00,36.0,45,11.2,281,978.5,0.0,1555.0
2026-07-17 11:00:00,36.6,41,11.8,301,978.7,0.0,1795.0
2026-07-17 12:00:00,36.4,42,11.8,309,978.3,0.2,1790.0
2026-07-17 13:00:00,36.9,41,11.6,305,977.6,0.1,1840.0
2026-07-17 14:00:00,37.2,40,10.9,304,976.8,0.0,1830.0
2026-07-17 15:00:00,37.4,39,11.8,295,975.9,0.0,1910.0
2026-07-17 16:00:00,37.0,39,12.1,295,975.5,0.0,1940.0
2026-07-17 17:00:00,37.0,38,11.3,301,975.5,0.0,2090.0
2026-07-17 18:00:00,35.8,45,6.3,307,975.9,0.0,1680.0
2026-07-17 19:00:00,34.7,55,2.8,320,976.2,0.0,225.0
2026-07-17 20:00:00,34.4,57,1.0,248,976.8,0.0,30.0
2026-07-17 21:00:00,33.9,61,1.3,188,977.6,0.0,35.0
2026-07-17 22:00:00,33.0,64,2.9,187,977.7,0.0,65.0
2026-07-17 23:00:00,33.1,65,2.6,192,977.2,0.0,35.0
2026-07-18 00:00:00,31.9,68,6.1,214,977.1,0.0,135.0
2026-07-18 01:00:00,31.4,66,3.1,242,976.9,0.0,90.0
2026-07-18 02:00:00,31.2,65,3.1,273,976.7,0.0,80.0
2026-07-18 03:00:00,31.3,61,4.5,270,976.4,0.0,110.0
2026-07-18 04:00:00,31.2,59,8.0,252,976.5,0.0,215.0
2026-07-18 05:00:00,31.1,65,11.0,276,976.3,0.0,530.0
2026-07-18 06:00:00,31.0,61,11.1,282,976.7,0.0,585.0
2026-07-18 07:00:00,31.8,57,10.7,279,977.1,0.0,670.0
2026-07-18 08:00:00,32.1,58,9.7,273,977.4,0.0,765.0
2026-07-18 09:00:00,33.1,56,11.5,278,977.6,0.0,895.0
2026-07-18 10:00:00,34.8,51,13.7,283,977.7,0.0,1110.0
2026-07-18 11:00:00,35.5,49,14.9,291,977.7,0.0,1180.0
2026-07-18 12:00:00,35.6,49,13.7,295,977.2,0.0,1225.0
2026-07-18 13:00:00,36.0,47,11.9,297,976.5,0.0,1310.0
2026-07-18 14:00:00,36.0,47,9.8,294,976.1,0.0,1340.0
2026-07-18 15:00:00,36.3,44,9.3,292,975.6,0.0,1640.0
2026-07-18 16:00:00,35.7,46,7.9,281,975.2,0.0,1615.0
2026-07-18 17:00:00,36.3,42,5.8,306,975.1,0.0,1775.0
2026-07-18 18:00:00,35.5,49,3.8,245,975.8,0.0,270.0
2026-07-18 19:00:00,34.4,51,4.9,246,976.3,0.0,140.0
2026-07-18 20:00:00,34.1,52,4.4,249,976.4,0.0,105.0
2026-07-18 21:00:00,33.9,52,4.4,218,976.8,0.0,55.0
2026-07-18 22:00:00,33.2,57,4.1,178,977.4,0.0,80.0
2026-07-18 23:00:00,33.6,52,6.6,202,977.2,0.0,160.0
2026-07-19 00:00:00,32.0,65,4.9,188,977.0,0.0,110.0
2026-07-19 01:00:00,31.2,70,5.7,191,976.6,0.0,95.0
2026-07-19 02:00:00,30.7,71,5.6,186,976.4,0.0,125.0
2026-07-19 03:00:00,30.4,70,6.9,194,976.5,0.0,190.0
2026-07-19 04:00:00,30.1,70,6.7,214,976.5,0.0,205.0
2026-07-19 05:00:00,29.8,81,2.8,108,976.2,0.0,15.0
2026-07-19 06:00:00,30.4,80,5.3,204,977.0,0.0,40.0
2026-07-19 07:00:00,31.6,71,6.8,238,976.9,0.0,275.0
2026-07-19 08:00:00,32.5,62,8.1,269,977.6,0.0,500.0
2026-07-19 09:00:00,33.0,58,7.5,278,978.1,0.0,550.0
2026-07-19 10:00:00,34.1,54,8.0,284,978.2,0.0,750.0
2026-07-19 11:00:00,35.6,47,11.1,304,978.2,0.0,1550.0
2026-07-19 12:00:00,36.0,46,11.2,308,978.0,0.0,1670.0
2026-07-19 13:00:00,35.0,51,8.1,294,977.5,0.4,1535.0
2026-07-19 14:00:00,35.2,51,4.9,231,976.8,0.0,1490.0
2026-07-19 15:00:00,34.9,55,4.3,204,976.2,0.0,550.0
2026-07-19 16:00:00,33.6,60,5.4,48,976.4,1.8,920.0
2026-07-19 17:00:00,36.6,43,1.6,354,975.5,0.1,1800.0
2026-07-19 18:00:00,34.2,57,10.4,100,976.3,0.2,655.0
2026-07-19 19:00:00,31.6,79,11.2,122,976.4,0.1,325.0
2026-07-19 20:00:00,31.2,81,9.7,155,977.3,0.0,425.0
2026-07-19 21:00:00,31.2,81,6.5,157,978.4,0.1,710.0
2026-07-19 22:00:00,30.7,84,6.4,122,978.6,0.5,515.0
2026-07-19 23:00:00,31.6,78,8.7,137,978.4,0.5,590.0
2026-07-20 00:00:00,30.3,84,7.5,120,977.6,0.0,395.0
2026-07-20 01:00:00,28.8,89,8.5,128,977.2,0.1,250.0
2026-07-20 02:00:00,28.1,90,7.6,117,976.9,0.0,270.0
2026-07-20 03:00:00,28.4,90,4.2,220,977.1,0.0,430.0
2026-07-20 04:00:00,26.8,94,9.4,225,977.1,4.8,265.0
2026-07-20 05:00:00,28.5,84,8.5,207,976.9,1.1,350.0
2026-07-20 06:00:00,28.6,85,8.0,218,976.8,0.2,285.0
2026-07-20 07:00:00,28.2,87,6.7,251,977.3,0.6,410.0
2026-07-20 08:00:00,27.7,92,1.8,135,978.0,4.2,140.0
2026-07-20 09:00:00,28.7,90,6.7,185,978.6,0.9,365.0
2026-07-20 10:00:00,29.5,86,0.6,18,979.0,0.9,485.0
2026-07-20 11:00:00,31.7,71,4.5,194,978.7,0.4,750.0
2026-07-20 12:00:00,30.8,76,6.6,111,978.5,1.2,545.0
2026-07-20 13:00:00,28.9,86,11.5,139,978.2,7.2,405.0
2026-07-20 14:00:00,29.1,85,7.6,152,977.3,0.7,360.0
2026-07-20 15:00:00,30.2,81,4.2,200,976.7,0.1,440.0
2026-07-20 16:00:00,30.5,79,4.4,201,976.7,0.0,480.0
2026-07-20 17:00:00,29.9,78,5.5,218,977.7,0.0,490.0
2026-07-20 18:00:00,27.5,92,4.0,30,978.0,4.3,85.0
2026-07-20 19:00:00,27.4,93,2.7,180,977.6,3.4,145.0
2026-07-20 20:00:00,27.4,95,4.6,222,978.3,1.1,180.0
2026-07-20 21:00:00,27.4,95,3.4,254,978.9,0.6,155.0
2026-07-20 22:00:00,27.3,94,3.3,241,979.4,0.1,155.0
2026-07-20 23:00:00,26.5,96,1.6,270,979.3,0.0,45.0
2026-07-21 00:00:00,26.7,95,3.6,70,978.7,0.2,105.0
2026-07-21 01:00:00,26.5,95,7.8,82,978.2,0.6,230.0
2026-07-21 02:00:00,26.3,95,7.6,83,978.2,0.2,250.0
2026-07-21 03:00:00,26.3,93,7.6,97,977.8,0.2,320.0
2026-07-21 04:00:00,26.1,93,6.0,107,977.9,0.3,275.0
2026-07-21 05:00:00,26.3,93,5.1,27,977.6,0.4,230.0
2026-07-21 06:00:00,25.7,95,6.5,51,978.4,3.8,205.0
2026-07-21 07:00:00,25.9,95,9.1,72,978.4,1.0,395.0
2026-07-21 08:00:00,26.4,92,9.2,84,978.8,0.4,435.0
2026-07-21 09:00:00,27.0,88,8.5,86,978.7,0.1,475.0
2026-07-21 10:00:00,28.0,84,8.6,101,978.8,0.2,625.0
2026-07-21 11:00:00,26.7,95,11.9,94,978.5,0.1,605.0
2026-07-21 12:00:00,27.7,94,7.9,89,978.0,0.9,700.0
2026-07-21 13:00:00,29.5,86,7.2,109,977.4,0.5,900.0
2026-07-21 14:00:00,29.1,85,8.0,104,976.6,0.4,530.0
2026-07-21 15:00:00,27.5,92,9.3,106,976.4,4.3,335.0
2026-07-21 16:00:00,28.4,87,6.0,111,975.8,0.6,390.0
2026-07-21 17:00:00,29.9,74,7.2,78,975.5,0.1,530.0
2026-07-21 18:00:00,28.9,82,6.9,127,976.0,0.1,535.0
2026-07-21 19:00:00,28.4,86,4.6,99,976.8,0.1,330.0
2026-07-21 20:00:00,28.2,87,7.7,99,977.5,0.0,340.0
2026-07-21 21:00:00,28.0,87,7.6,98,978.0,0.0,360.0
2026-07-21 22:00:00,27.7,88,10.3,105,978.6,0.1,440.0
2026-07-21 23:00:00,26.7,95,12.2,117,978.3,0.1,350.0
2026-07-22 00:00:00,26.5,94,10.9,117,977.9,0.1,360.0
2026-07-22 01:00:00,26.4,94,9.4,110,977.3,0.0,370.0
2026-07-22 02:00:00,26.3,95,8.7,103,976.8,0.0,405.0
2026-07-22 03:00:00,25.8,96,11.2,100,977.1,1.0,390.0
2026-07-22 04:00:00,25.8,95,11.2,95,977.6,0.4,460.0
2026-07-22 05:00:00,25.8,95,11.6,98,977.2,0.6,455.0
2026-07-22 06:00:00,25.9,95,13.3,99,977.6,0.7,565.0
2026-07-22 07:00:00,26.7,89,15.7,107,977.8,0.2,665.0
2026-07-22 08:00:00,27.1,84,16.5,110,978.3,0.7,710.0
2026-07-22 09:00:00,28.7,77,14.3,118,978.4,0.4,775.0
2026-07-22 10:00:00,29.9,74,13.4,125,978.3,0.7,875.0
2026-07-22 11:00:00,30.6,67,15.0,124,978.1,0.2,965.0
2026-07-22 12:00:00,31.3,66,14.4,121,977.8,0.2,1115.0
2026-07-22 13:00:00,31.7,67,11.9,110,976.9,0.0,1240.0
2026-07-22 14:00:00,31.8,67,11.4,106,975.9,0.1,1195.0
2026-07-22 15:00:00,31.6,69,10.7,104,975.4,0.1,1045.0
2026-07-22 16:00:00,31.5,68,8.8,101,974.6,0.1,945.0
2026-07-22 17:00:00,28.4,88,5.7,46,975.2,0.1,265.0
2026-07-22 18:00:00,28.9,86,3.6,45,975.7,0.0,250.0
2026-07-22 19:00:00,28.6,89,4.6,64,976.0,0.0,210.0
2026-07-22 20:00:00,28.8,89,7.0,64,976.7,0.0,295.0
2026-07-22 21:00:00,28.9,87,9.2,83,977.0,0.0,495.0
2026-07-22 22:00:00,28.6,84,9.2,97,977.3,0.1,595.0
2026-07-22 23:00:00,28.2,84,10.1,101,977.1,0.0,565.0
2026-07-23 00:00:00,28.2,84,11.1,99,976.7,0.0,645.0
2026-07-23 01:00:00,27.9,84,11.3,98,976.2,0.0,660.0
2026-07-23 02:00:00,27.7,85,11.8,103,975.8,0.0,645.0
2026-07-23 03:00:00,27.4,85,10.6,104,975.6,0.0,610.0
2026-07-23 04:00:00,27.2,86,10.5,103,975.8,0.0,605.0
2026-07-23 05:00:00,26.6,93,9.6,107,976.0,0.0,510.0
2026-07-23 06:00:00,26.1,95,8.7,96,976.2,1.5,345.0
2026-07-23 07:00:00,26.6,93,12.4,103,976.4,0.4,525.0
2026-07-23 08:00:00,27.6,85,12.1,100,976.7,0.2,580.0
2026-07-23 09:00:00,28.4,83,9.8,96,976.5,0.3,645.0
2026-07-23 10:00:00,30.3,74,12.8,107,976.3,0.1,1015.0
2026-07-23 11:00:00,31.0,68,14.5,104,976.4,0.0,1100.0
2026-07-23 12:00:00,31.5,65,15.0,106,975.8,0.1,1105.0
2026-07-23 13:00:00,31.9,65,13.8,104,975.0,0.2,1125.0
2026-07-23 14:00:00,32.2,64,13.3,99,974.2,0.1,1140.0
2026-07-23 15:00:00,29.7,76,15.0,107,974.2,1.3,585.0
2026-07-23 16:00:00,30.2,76,4.7,97,973.4,0.6,580.0
2026-07-23 17:00:00,31.3,70,10.7,110,973.7,0.2,1030.0
2026-07-23 18:00:00,30.2,75,8.6,113,974.3,0.2,690.0
2026-07-23 19:00:00,29.8,76,7.8,109,974.5,0.0,560.0
2026-07-23 20:00:00,28.6,82,8.5,136,975.4,0.3,480.0
2026-07-23 21:00:00,26.2,94,9.1,65,976.5,3.5,255.0
2026-07-23 22:00:00,26.5,94,11.6,105,976.2,0.8,435.0
2026-07-23 23:00:00,27.5,88,13.1,108,976.3,0.0,640.0
2026-07-24 00:00:00,27.1,88,10.8,101,976.0,0.0,590.0
2026-07-24 01:00:00,26.9,89,10.9,103,975.9,0.0,685.0
2026-07-24 02:00:00,26.8,89,9.7,90,975.2,0.0,620.0
2026-07-24 03:00:00,26.7,90,9.7,93,975.3,0.0,700.0
2026-07-24 04:00:00,26.5,91,10.3,93,975.4,0.0,680.0
2026-07-24 05:00:00,25.8,95,9.7,80,975.5,0.1,440.0
2026-07-24 06:00:00,25.9,94,12.1,84,975.1,0.1,475.0
2026-07-24 07:00:00,26.8,90,10.8,91,975.7,0.0,600.0
2026-07-24 08:00:00,28.2,83,14.7,102,975.7,0.0,720.0
2026-07-24 09:00:00,29.3,77,14.2,105,976.1,0.1,795.0
2026-07-24 10:00:00,30.3,73,13.4,110,976.1,0.2,840.0
2026-07-24 11:00:00,30.3,75,12.9,122,976.3,0.2,910.0
2026-07-24 12:00:00,31.0,73,12.1,130,976.1,0.6,1165.0
2026-07-24 13:00:00,29.5,79,12.6,158,975.1,1.3,550.0
2026-07-24 14:00:00,28.7,83,6.8,122,974.9,4.8,470.0
2026-07-24 15:00:00,29.7,80,7.1,97,973.9,0.8,545.0
2026-07-24 16:00:00,30.6,74,7.6,117,973.2,0.1,660.0
2026-07-24 17:00:00,30.0,82,6.2,73,972.9,0.2,365.0
2026-07-24 18:00:00,30.0,83,7.7,81,973.4,0.0,495.0
2026-07-24 19:00:00,29.6,84,7.9,111,974.4,0.0,460.0
2026-07-24 20:00:00,29.4,84,9.6,95,975.4,0.0,460.0
2026-07-24 21:00:00,29.0,84,10.8,95,976.3,0.0,410.0
2026-07-24 22:00:00,28.6,85,10.5,98,976.7,0.0,450.0
2026-07-24 23:00:00,28.3,86,12.4,104,976.5,0.0,555.0
2026-07-25 00:00:00,28.1,85,12.4,112,976.5,0.0,535.0
2026-07-25 01:00:00,28.0,83,11.9,115,976.6,0.0,530.0
2026-07-25 02:00:00,27.6,84,11.0,109,976.6,0.1,510.0
2026-07-25 03:00:00,27.5,87,10.5,117,976.4,0.1,540.0
2026-07-25 04:00:00,27.4,87,10.5,117,976.4,0.1,515.0
2026-07-25 05:00:00,27.4,89,9.4,122,976.3,0.1,500.0
2026-07-25 06:00:00,27.5,89,7.7,129,977.6,0.0,435.0
2026-07-25 07:00:00,28.2,87,7.4,122,977.9,0.0,525.0
2026-07-25 08:00:00,28.8,81,11.8,115,978.2,0.1,665.0
2026-07-25 09:00:00,29.7,75,10.5,115,978.5,0.1,745.0
2026-07-25 10:00:00,30.4,73,10.6,114,978.8,0.3,960.0
2026-07-25 11:00:00,31.5,66,12.5,123,978.5,0.3,1070.0
2026-07-25 12:00:00,31.5,66,12.6,124,977.7,0.2,990.0
2026-07-25 13:00:00,32.1,64,10.7,126,977.2,0.1,925.0
2026-07-25 14:00:00,32.3,63,12.2,127,976.4,0.3,945.0
2026-07-25 15:00:00,32.3,64,11.6,125,976.2,0.3,915.0
2026-07-25 16:00:00,31.4,68,11.6,111,975.6,0.2,765.0
2026-07-25 17:00:00,30.2,82,8.6,89,976.0,0.0,470.0
2026-07-25 18:00:00,29.6,82,11.2,90,976.4,0.0,450.0
2026-07-25 19:00:00,28.8,83,8.9,82,977.2,0.0,340.0
2026-07-25 20:00:00,28.4,86,9.8,85,978.1,0.0,310.0
2026-07-25 21:00:00,28.0,88,8.3,86,978.7,0.0,255.0
2026-07-25 22:00:00,27.7,89,8.3,94,979.0,0.0,270.0
2026-07-25 23:00:00,27.4,92,9.1,81,978.5,0.0,250.0
2026-07-26 00:00:00,27.4,93,9.6,81,978.3,0.1,355.0
2026-07-26 01:00:00,27.5,94,8.2,100,977.9,0.0,315.0
2026-07-26 02:00:00,27.5,95,7.9,102,977.6,0.0,320.0
2026-07-26 03:00:00,27.3,95,7.1,100,977.6,0.0,320.0
2026-07-26 04:00:00,27.3,95,6.1,104,977.8,0.0,295.0
2026-07-26 05:00:00,28.3,91,4.3,135,977.6,0.0,335.0
2026-07-26 06:00:00,27.6,94,4.7,140,977.7,0.4,150.0
2026-07-26 07:00:00,28.5,90,5.0,154,978.0,0.1,300.0
2026-07-26 08:00:00,29.5,84,2.3,122,978.2,0.0,395.0
2026-07-26 09:00:00,30.7,78,3.3,81,978.1,0.0,590.0
2026-07-26 10:00:00,31.5,73,3.8,93,978.4,0.1,855.0
2026-07-26 11:00:00,32.5,63,3.9,68,978.6,0.1,1015.0
2026-07-26 12:00:00,32.9,63,3.7,113,978.4,0.2,985.0
2026-07-26 13:00:00,33.5,62,4.3,132,977.9,0.2,1065.0
2026-07-26 14:00:00,33.7,60,4.2,144,976.8,0.1,1065.0
2026-07-26 15:00:00,33.7,59,3.3,144,976.1,0.1,1065.0
2026-07-26 16:00:00,33.5,61,3.2,117,975.4,0.0,1010.0
2026-07-26 17:00:00,33.7,60,3.9,77,975.0,0.0,1125.0
2026-07-26 18:00:00,32.6,70,4.1,45,975.1,0.0,140.0
2026-07-26 19:00:00,31.7,77,3.1,54,975.5,0.0,55.0
2026-07-26 20:00:00,31.3,80,0.2,270,976.0,0.0,10.0
2026-07-26 21:00:00,31.1,83,0.3,315,976.6,0.0,15.0
2026-07-26 22:00:00,30.9,83,0.9,180,976.9,0.0,40.0
2026-07-26 23:00:00,30.6,85,1.2,141,976.4,0.0,45.0
2026-07-27 00:00:00,30.2,86,1.2,117,976.1,0.0,30.0
2026-07-27 01:00:00,29.8,88,0.5,180,975.4,0.0,15.0
2026-07-27 02:00:00,29.5,87,2.7,208,975.1,0.0,50.0
2026-07-27 03:00:00,29.4,84,2.1,211,975.0,0.0,40.0
2026-07-27 04:00:00,29.2,84,2.1,211,975.1,0.0,35.0
2026-07-27 05:00:00,29.7,84,2.3,293,975.1,0.0,80.0
2026-07-27 06:00:00,29.9,82,2.4,306,975.2,0.0,75.0
2026-07-27 07:00:00,30.5,79,1.7,302,975.7,0.0,225.0
2026-07-27 08:00:00,31.4,75,2.3,288,975.7,0.0,445.0
2026-07-27 09:00:00,32.4,69,2.1,285,975.6,0.0,845.0
2026-07-27 10:00:00,33.2,65,2.3,299,976.0,0.2,1085.0
2026-07-27 11:00:00,34.3,55,1.4,270,975.4,0.1,1300.0
2026-07-27 12:00:00,35.1,53,4.2,227,975.5,0.0,1505.0
2026-07-27 13:00:00,35.2,54,4.4,232,974.8,0.0,1535.0
2026-07-27 14:00:00,35.3,53,5.4,256,973.8,0.0,1550.0
2026-07-27 15:00:00,34.2,55,4.5,268,973.2,0.0,1015.0
2026-07-27 16:00:00,33.7,58,1.4,310,973.1,0.2,570.0
2026-07-27 17:00:00,33.0,64,2.1,195,973.0,0.0,605.0
2026-07-27 18:00:00,32.0,76,1.6,360,973.0,0.0,35.0
2026-07-27 19:00:00,31.6,78,1.5,111,973.2,0.0,45.0
2026-07-27 20:00:00,31.1,77,6.5,118,974.1,0.0,265.0
2026-07-27 21:00:00,30.0,83,9.6,118,974.7,0.0,300.0
2026-07-27 22:00:00,29.2,84,11.6,132,975.3,0.0,355.0
2026-07-27 23:00:00,30.1,87,10.6,137,974.8,0.1,445.0
2026-07-28 00:00:00,28.4,87,13.3,161,975.2,0.2,465.0
2026-07-28 01:00:00,27.3,92,6.9,135,975.0,0.5,330.0
2026-07-28 02:00:00,27.0,94,10.6,124,974.7,0.5,375.0
2026-07-28 03:00:00,26.3,96,7.6,128,974.4,0.3,235.0
2026-07-28 04:00:00,26.1,97,9.1,122,974.2,0.4,235.0
2026-07-28 05:00:00,28.5,92,7.9,153,973.7,0.2,245.0
2026-07-28 06:00:00,28.5,93,8.0,128,974.4,0.3,250.0
2026-07-28 07:00:00,28.8,93,7.9,184,974.7,0.4,335.0
2026-07-28 08:00:00,28.3,88,12.0,126,975.2,0.8,390.0
2026-07-28 09:00:00,28.1,90,10.5,143,976.0,0.7,390.0
2026-07-28 10:00:00,27.2,94,9.4,148,976.9,3.1,275.0
2026-07-28 11:00:00,27.5,93,8.7,111,976.6,1.4,215.0
2026-07-28 12:00:00,26.7,95,9.1,141,975.9,4.2,160.0
2026-07-28 13:00:00,26.9,93,7.8,146,975.8,2.5,165.0
2026-07-28 14:00:00,26.9,94,4.0,180,974.7,1.7,115.0
2026-07-28 15:00:00,27.3,92,5.1,163,974.2,1.3,170.0
2026-07-28 16:00:00,27.1,94,4.7,162,973.6,0.7,130.0
2026-07-28 17:00:00,31.0,72,3.8,329,973.7,0.2,640.0
2026-07-28 18:00:00,30.2,77,4.3,338,973.8,0.1,340.0
2026-07-28 19:00:00,29.5,83,2.3,45,974.3,0.0,90.0
2026-07-28 20:00:00,28.9,86,3.8,109,975.1,0.0,115.0
2026-07-28 21:00:00,28.6,87,5.2,104,976.0,0.0,150.0
2026-07-28 22:00:00,28.2,88,6.3,105,976.6,0.0,185.0
2026-07-28 23:00:00,27.9,89,2.4,171,976.4,0.0,170.0
2026-07-29 00:00:00,27.7,91,1.7,162,976.2,0.0,90.0
2026-07-29 01:00:00,27.6,91,1.7,108,976.2,0.0,90.0
2026-07-29 02:00:00,27.1,94,5.5,81,975.8,0.4,150.0
2026-07-29 03:00:00,26.7,95,4.7,108,975.8,0.2,130.0
2026-07-29 04:00:00,26.7,95,3.2,128,976.1,0.0,115.0
2026-07-29 05:00:00,26.7,97,2.4,167,975.6,0.0,100.0
2026-07-29 06:00:00,26.4,96,2.3,119,976.2,1.3,140.0
2026-07-29 07:00:00,26.3,99,5.1,113,976.7,1.6,175.0
2026-07-29 08:00:00,26.8,93,2.9,90,977.0,0.6,265.0
2026-07-29 09:00:00,28.0,87,1.8,114,977.2,0.6,400.0
2026-07-29 10:00:00,28.8,84,2.9,112,977.4,0.3,465.0
2026-07-29 11:00:00,30.9,75,1.9,299,977.0,0.1,745.0
2026-07-29 12:00:00,31.7,73,1.1,18,976.7,0.1,925.0
2026-07-29 13:00:00,32.0,72,1.5,14,976.1,0.1,905.0
2026-07-29 14:00:00,32.3,68,1.6,6,975.1,0.2,845.0
2026-07-29 15:00:00,32.5,67,1.9,253,974.5,0.2,915.0
2026-07-29 16:00:00,32.3,67,1.7,13,973.7,0.1,880.0
2026-07-29 17:00:00,32.5,68,5.3,172,973.5,0.0,755.0
2026-07-29 18:00:00,31.7,77,4.3,163,973.5,0.0,245.0
2026-07-29 19:00:00,30.8,82,3.3,144,974.3,0.0,190.0
2026-07-29 20:00:00,30.3,83,4.6,141,975.2,0.0,175.0
2026-07-29 21:00:00,29.8,85,4.5,127,976.0,0.0,135.0
2026-07-29 22:00:00,29.4,88,3.5,118,976.2,0.0,95.0
2026-07-29 23:00:00,29.8,86,7.0,113,975.8,0.0,145.0
2026-07-30 00:00:00,29.2,89,7.5,107,975.4,0.0,170.0
2026-07-30 01:00:00,28.0,85,2.5,356,975.5,0.0,60.0
2026-07-30 02:00:00,25.5,96,1.9,34,975.3,6.1,25.0
2026-07-30 03:00:00,26.1,95,2.7,138,974.8,0.6,45.0
2026-07-30 04:00:00,26.3,97,1.9,107,974.8,0.1,45.0
2026-07-30 05:00:00,28.3,95,0.8,207,974.2,0.0,30.0
2026-07-30 06:00:00,28.4,95,2.1,31,974.6,0.8,25.0
2026-07-30 07:00:00,28.4,89,11.5,132,975.5,1.0,390.0
2026-07-30 08:00:00,29.2,85,9.1,144,976.0,0.4,415.0
2026-07-30 09:00:00,30.4,78,5.8,166,976.2,0.1,730.0
2026-07-30 10:00:00,31.6,72,6.9,155,976.5,0.0,1050.0
2026-07-30 11:00:00,32.8,64,6.1,120,976.4,0.0,1230.0
2026-07-30 12:00:00,32.9,63,7.7,115,976.0,0.1,1120.0
2026-07-30 13:00:00,32.0,67,7.5,138,975.8,0.6,750.0
2026-07-30 14:00:00,32.8,64,4.6,111,974.8,0.1,980.0
2026-07-30 15:00:00,33.1,62,5.0,105,973.9,0.1,1095.0
2026-07-30 16:00:00,33.2,61,6.7,104,973.3,0.1,1170.0
2026-07-30 17:00:00,31.5,73,9.4,88,973.2,0.0,740.0
2026-07-30 18:00:00,29.0,84,13.0,70,973.7,0.7,415.0
2026-07-30 19:00:00,28.5,86,6.8,63,974.5,0.0,300.0
2026-07-30 20:00:00,28.5,88,7.0,67,975.2,0.0,350.0
2026-07-30 21:00:00,28.4,90,7.1,80,976.0,0.0,370.0
2026-07-30 22:00:00,28.3,91,7.9,89,976.3,0.0,385.0
2026-07-30 23:00:00,28.8,90,11.1,104,976.0,0.0,630.0
2026-07-31 00:00:00,28.6,89,11.2,101,975.5,0.0,620.0
2026-07-31 01:00:00,28.4,89,10.5,106,975.5,0.0,680.0
2026-07-31 02:00:00,28.3,88,10.3,103,975.4,0.0,680.0
2026-07-31 03:00:00,28.1,87,10.4,99,975.3,0.0,705.0
2026-07-31 04:00:00,27.9,87,10.9,96,975.6,0.0,760.0
2026-07-31 05:00:00,28.1,84,12.6,107,975.3,0.0,730.0
2026-07-31 06:00:00,27.9,85,10.9,97,975.8,0.0,820.0
2026-07-31 07:00:00,28.6,82,11.2,94,976.3,0.0,925.0
2026-07-31 08:00:00,28.9,80,14.2,98,976.6,0.1,830.0
2026-07-31 09:00:00,29.5,77,14.4,99,976.9,0.2,800.0
2026-07-31 10:00:00,29.8,75,14.4,99,977.0,0.2,800.0
2026-07-31 11:00:00,30.5,72,12.0,99,977.2,0.1,1025.0
2026-07-31 12:00:00,31.4,68,14.4,102,976.5,0.1,1040.0
2026-07-31 13:00:00,32.0,64,13.6,102,975.8,0.1,1015.0
2026-07-31 14:00:00,32.5,63,12.3,101,974.9,0.3,1005.0
2026-07-31 15:00:00,32.4,63,12.5,98,974.1,0.3,980.0
2026-07-31 16:00:00,29.4,78,10.4,111,973.3,2.1,295.0
2026-07-31 17:00:00,31.4,73,7.2,90,973.5,1.1,755.0
2026-07-31 18:00:00,30.9,75,7.9,79,974.0,0.0,740.0
2026-07-31 19:00:00,30.0,80,8.7,77,974.7,0.0,465.0
2026-07-31 20:00:00,29.6,83,8.5,77,975.3,0.0,415.0
2026-07-31 21:00:00,29.1,84,11.4,101,976.2,0.3,615.0
2026-07-31 22:00:00,28.8,85,11.1,99,976.5,0.0,600.0
2026-07-31 23:00:00,28.0,87,9.2,87,976.0,0.0,450.0
2026-08-01 00:00:00,27.9,88,10.8,101,976.1,0.0,615.0
2026-08-01 01:00:00,27.1,94,9.4,93,976.0,2.6,455.0
2026-08-01 02:00:00,27.1,92,11.0,96,975.4,0.0,500.0
2026-08-01 03:00:00,27.1,91,11.1,97,975.4,0.0,550.0
2026-08-01 04:00:00,27.2,91,10.3,91,975.6,0.0,580.0
2026-08-01 05:00:00,26.7,95,9.9,95,975.5,0.1,440.0
2026-08-01 06:00:00,27.0,93,10.4,88,975.9,0.0,515.0
2026-08-01 07:00:00,27.1,90,12.0,78,976.4,0.1,540.0
2026-08-01 08:00:00,27.8,87,12.3,96,976.4,0.0,585.0
2026-08-01 09:00:00,29.4,78,12.1,105,976.3,0.1,660.0
2026-08-01 10:00:00,30.6,73,12.2,106,976.3,0.2,740.0
2026-08-01 11:00:00,31.5,70,11.6,105,976.1,0.4,1045.0
2026-08-01 12:00:00,32.1,69,11.3,100,975.5,0.1,1100.0
2026-08-01 13:00:00,32.4,66,12.5,108,975.0,0.1,1140.0
2026-08-01 14:00:00,32.0,64,10.5,82,974.3,0.2,940.0
2026-08-01 15:00:00,31.2,71,9.1,72,973.5,0.7,705.0
2026-08-01 16:00:00,31.4,74,8.0,70,973.1,0.1,795.0
2026-08-01 17:00:00,30.5,78,10.3,87,973.6,0.7,605.0
2026-08-01 18:00:00,30.3,81,7.1,96,974.0,0.1,470.0
2026-08-01 19:00:00,29.7,84,7.0,90,974.3,0.0,425.0
2026-08-01 20:00:00,29.4,86,7.0,87,975.1,0.0,420.0
2026-08-01 21:00:00,29.3,87,8.3,89,975.9,0.0,465.0
2026-08-01 22:00:00,29.2,87,9.9,111,976.3,0.0,575.0
2026-08-01 23:00:00,27.2,89,12.1,93,976.3,0.0,365.0
2026-08-02 00:00:00,26.7,90,11.0,108,975.9,0.2,315.0
2026-08-02 01:00:00,26.7,92,8.8,121,976.3,0.3,285.0
2026-08-02 02:00:00,26.9,93,7.9,106,976.0,0.3,315.0
2026-08-02 03:00:00,26.7,94,6.5,104,975.4,0.1,245.0
2026-08-02 04:00:00,26.8,94,6.9,118,976.1,0.0,235.0
2026-08-02 05:00:00,27.1,95,9.4,93,976.0,0.0,235.0
2026-08-02 06:00:00,26.6,96,12.0,98,976.8,0.2,280.0
2026-08-02 07:00:00,26.9,95,7.0,94,977.0,0.3,285.0
2026-08-02 08:00:00,28.5,88,8.5,97,977.2,0.1,465.0
2026-08-02 09:00:00,30.2,79,9.0,105,977.1,0.0,580.0
2026-08-02 10:00:00,31.6,71,8.3,112,977.0,0.1,805.0
2026-08-02 11:00:00,32.8,64,8.1,129,976.9,0.1,1015.0
2026-08-02 12:00:00,33.7,59,7.3,121,976.5,0.1,1210.0
2026-08-02 13:00:00,32.9,61,10.9,97,976.2,0.8,945.0
2026-08-02 14:00:00,32.2,68,9.9,102,975.4,0.8,685.0
2026-08-02 15:00:00,32.6,67,7.6,108,974.8,0.0,780.0
2026-08-02 16:00:00,32.4,67,8.4,115,974.4,0.4,760.0
2026-08-02 17:00:00,27.6,93,4.6,167,975.0,0.3,155.0
2026-08-02 18:00:00,28.3,91,8.9,65,975.7,0.5,305.0
2026-08-02 19:00:00,27.5,93,5.4,64,975.4,0.1,160.0
2026-08-02 20:00:00,27.7,94,5.5,67,976.3,0.1,165.0
2026-08-02 21:00:00,27.8,94,5.2,68,977.4,0.0,190.0
2026-08-02 22:00:00,27.9,94,6.9,85,977.7,0.0,220.0
2026-08-02 23:00:00,28.6,94,6.2,98,977.0,0.0,180.0
2026-08-03 00:00:00,28.5,94,6.1,102,976.8,0.0,175.0
2026-08-03 01:00:00,28.4,94,7.3,100,976.7,0.0,230.0
2026-08-03 02:00:00,27.9,93,8.5,103,976.4,0.0,235.0
2026-08-03 03:00:00,27.4,94,7.6,109,976.1,0.0,245.0
2026-08-03 04:00:00,27.2,95,7.6,117,976.2,0.0,265.0
2026-08-03 05:00:00,27.4,94,7.6,142,976.0,0.2,255.0
2026-08-03 06:00:00,27.7,96,4.3,132,976.6,0.3,280.0
2026-08-03 07:00:00,27.8,94,5.7,99,976.7,0.3,295.0
2026-08-03 08:00:00,28.4,88,3.6,135,977.7,0.9,320.0
2026-08-03 09:00:00,29.5,83,3.9,146,977.9,0.1,490.0
2026-08-03 10:00:00,30.4,81,4.7,118,978.1,0.2,675.0
2026-08-03 11:00:00,31.3,73,7.4,83,977.7,0.2,605.0
2026-08-03 12:00:00,32.6,69,8.4,118,977.6,0.2,1025.0
2026-08-03 13:00:00,33.4,67,6.1,113,977.1,0.0,1315.0
2026-08-03 14:00:00,30.7,75,11.9,142,976.6,1.1,565.0
2026-08-03 15:00:00,30.9,79,4.1,157,976.3,0.6,700.0
2026-08-03 16:00:00,30.1,80,6.7,171,975.6,0.8,465.0
2026-08-03 17:00:00,32.3,75,8.6,147,975.1,0.1,740.0
2026-08-03 18:00:00,29.8,84,7.8,199,975.2,0.9,335.0
2026-08-03 19:00:00,27.7,94,6.9,104,976.4,2.5,315.0
2026-08-03 20:00:00,27.3,95,8.3,134,977.4,1.2,335.0
2026-08-03 21:00:00,27.3,94,0.9,281,978.4,2.6,30.0
2026-08-03 22:00:00,27.1,95,2.8,130,978.2,1.8,200.0
2026-08-03 23:00:00,26.9,98,5.5,142,978.4,0.3,195.0
2026-08-04 00:00:00,26.9,97,8.2,148,977.7,1.2,315.0
2026-08-04 01:00:00,26.7,98,7.2,145,977.4,0.5,290.0
2026-08-04 02:00:00,26.5,98,7.1,146,977.2,0.2,275.0
2026-08-04 03:00:00,26.6,98,6.0,129,977.6,0.1,255.0
2026-08-04 04:00:00,26.6,98,4.5,137,977.5,0.1,235.0
2026-08-04 05:00:00,26.6,97,8.7,156,977.0,0.1,325.0
2026-08-04 06:00:00,26.3,98,7.2,179,977.9,1.4,305.0
2026-08-04 07:00:00,26.7,95,2.7,222,977.9,1.1,215.0
2026-08-04 08:00:00,27.3,93,4.6,193,978.5,0.6,270.0
2026-08-04 09:00:00,28.5,86,3.9,146,978.8,0.2,275.0
2026-08-04 10:00:00,29.5,83,1.8,180,979.4,0.3,575.0
2026-08-04 11:00:00,27.8,93,5.9,282,979.3,0.6,215.0
2026-08-04 12:00:00,27.8,93,4.3,343,978.8,0.9,200.0
2026-08-04 13:00:00,28.4,89,6.1,2,978.3,0.8,335.0
2026-08-04 14:00:00,28.5,86,6.0,353,977.8,0.6,325.0
2026-08-04 15:00:00,29.3,83,5.1,352,977.1,0.6,375.0
2026-08-04 16:00:00,29.4,83,4.7,2,976.3,0.0,370.0
2026-08-04 17:00:00,27.3,95,2.8,55,976.6,0.0,160.0
2026-08-04 18:00:00,27.3,94,3.4,74,976.6,1.8,135.0
2026-08-04 19:00:00,27.2,95,1.1,9,976.9,0.9,45.0
2026-08-04 20:00:00,27.1,97,1.3,344,977.6,0.5,80.0
2026-08-04 21:00:00,27.1,96,1.0,68,978.3,0.5,25.0
2026-08-04 22:00:00,26.8,97,2.5,86,978.4,0.4,65.0
2026-08-04 23:00:00,27.4,97,2.4,318,977.7,0.2,60.0
2026-08-05 00:00:00,27.4,97,1.7,18,976.9,0.0,55.0
2026-08-05 01:00:00,27.3,97,2.1,345,976.7,0.0,85.0
2026-08-05 02:00:00,27.2,93,1.7,283,976.4,0.0,60.0
2026-08-05 03:00:00,26.9,95,1.8,294,976.3,0.0,80.0
2026-08-05 04:00:00,26.9,93,3.1,21,976.2,0.0,160.0
2026-08-05 05:00:00,26.5,97,4.4,12,976.2,0.1,120.0
2026-08-05 06:00:00,26.2,97,2.9,43,976.5,1.1,70.0
2026-08-05 07:00:00,26.9,95,1.8,354,976.6,0.0,130.0
2026-08-05 08:00:00,28.1,89,2.2,325,976.7,0.0,250.0
2026-08-05 09:00:00,29.9,78,4.1,322,976.7,0.0,575.0
2026-08-05 10:00:00,31.1,70,5.0,316,976.6,0.0,820.0
2026-08-05 11:00:00,31.3,71,4.8,292,976.7,0.0,1055.0
2026-08-05 12:00:00,30.7,72,5.3,280,975.5,0.0,765.0
2026-08-05 13:00:00,31.5,67,6.1,289,975.2,0.0,965.0
2026-08-05 14:00:00,31.8,65,7.2,292,974.2,0.0,995.0
2026-08-05 15:00:00,32.5,63,6.6,296,973.9,0.0,1040.0
2026-08-05 16:00:00,32.4,63,4.8,295,973.4,0.0,1065.0
2026-08-05 17:00:00,29.9,82,7.7,91,973.7,0.0,355.0
2026-08-05 18:00:00,28.5,88,5.4,250,974.1,0.5,260.0
2026-08-05 19:00:00,28.3,88,5.6,187,975.1,0.1,195.0
2026-08-05 20:00:00,28.1,90,7.2,179,975.7,0.1,170.0
2026-08-05 21:00:00,27.8,92,4.1,182,976.2,0.0,115.0
2026-08-05 22:00:00,27.7,94,4.2,155,976.2,0.0,100.0
2026-08-05 23:00:00,27.3,99,3.7,101,975.8,0.0,80.0
2026-08-06 00:00:00,27.8,98,3.1,208,975.4,3.0,65.0
2026-08-06 01:00:00,27.3,90,3.5,159,975.3,2.0,115.0
2026-08-06 02:00:00,27.0,96,2.2,189,974.9,0.5,55.0
2026-08-06 03:00:00,27.0,97,4.5,209,974.7,0.0,145.0
2026-08-06 04:00:00,26.9,96,7.8,233,975.2,0.0,195.0
2026-08-06 05:00:00,27.1,95,5.7,101,974.6,0.0,185.0
2026-08-06 06:00:00,27.3,93,3.8,98,975.7,0.4,90.0
2026-08-06 07:00:00,27.5,90,6.4,119,976.3,0.3,305.0
2026-08-06 08:00:00,27.4,91,6.6,119,977.1,1.0,405.0
2026-08-06 09:00:00,27.1,90,4.2,115,977.8,1.1,310.0
2026-08-06 10:00:00,26.9,89,1.7,108,977.7,1.6,205.0
2026-08-06 11:00:00,27.0,84,5.0,64,977.7,0.8,245.0
2026-08-06 12:00:00,27.7,80,4.0,360,977.3,0.6,390.0
2026-08-06 13:00:00,27.4,82,5.4,330,976.7,0.3,280.0
2026-08-06 14:00:00,27.2,83,5.7,319,976.0,0.2,270.0
2026-08-06 15:00:00,27.0,84,4.8,331,975.8,0.3,325.0
2026-08-06 16:00:00,27.5,82,6.3,325,975.3,0.1,385.0
2026-08-06 17:00:00,27.7,87,7.8,5,975.1,0.0,585.0
2026-08-06 18:00:00,27.4,90,6.4,8,975.2,0.5,480.0
2026-08-06 19:00:00,27.2,91,4.9,354,975.8,0.1,365.0
2026-08-06 20:00:00,27.0,93,5.2,4,976.2,0.0,285.0
2026-08-06 21:00:00,26.9,93,5.6,29,976.8,0.0,335.0
2026-08-06 22:00:00,26.9,93,3.9,53,976.8,0.0,350.0
2026-08-06 23:00:00,26.7,93,8.4,74,976.6,0.0,385.0
2026-08-07 00:00:00,26.0,97,8.1,86,976.4,0.5,290.0
2026-08-07 01:00:00,25.8,97,3.6,70,976.2,1.4,160.0
2026-08-07 02:00:00,25.7,99,4.1,358,975.8,0.5,95.0
2026-08-07 03:00:00,25.8,98,5.2,6,975.6,0.0,140.0
2026-08-07 04:00:00,25.8,96,5.4,6,975.7,0.0,220.0
2026-08-07 05:00:00,26.1,97,7.5,57,975.3,1.8,240.0
2026-08-07 06:00:00,25.6,93,3.6,319,975.7,2.2,140.0
2026-08-07 07:00:00,26.0,96,5.6,40,976.1,2.3,190.0
2026-08-07 08:00:00,26.4,96,9.1,25,976.4,2.3,490.0
2026-08-07 09:00:00,26.5,95,11.0,24,976.6,2.5,590.0
2026-08-07 10:00:00,26.9,93,10.3,35,976.8,3.4,690.0
2026-08-07 11:00:00,27.8,89,11.2,35,976.5,1.0,530.0
2026-08-07 12:00:00,26.1,96,13.8,53,976.0,12.0,470.0
2026-08-07 13:00:00,26.9,95,14.4,53,975.3,2.4,555.0
2026-08-07 14:00:00,27.8,92,11.4,33,974.8,0.9,465.0
2026-08-07 15:00:00,29.1,80,11.1,22,974.4,0.3,605.0
2026-08-07 16:00:00,28.7,81,12.5,20,974.2,0.3,675.0
2026-08-07 17:00:00,27.0,93,10.2,24,974.5,4.9,360.0
2026-08-07 18:00:00,26.7,95,9.2,39,974.5,1.6,425.0
2026-08-07 19:00:00,26.3,95,8.2,50,975.3,1.4,350.0
2026-08-07 20:00:00,26.5,93,10.5,35,976.0,0.1,475.0
2026-08-07 21:00:00,25.6,97,12.7,47,976.8,0.9,435.0
2026-08-07 22:00:00,25.4,97,10.1,40,977.0,3.0,380.0
2026-08-07 23:00:00,25.6,97,8.9,61,977.0,12.6,245.0
2026-08-08 00:00:00,25.9,96,7.4,26,976.4,2.7,225.0
2026-08-08 01:00:00,25.9,96,10.1,25,975.9,0.3,310.0
2026-08-08 02:00:00,25.1,97,8.7,38,975.8,0.7,360.0
2026-08-08 03:00:00,24.7,99,7.9,13,975.9,5.6,285.0
2026-08-08 04:00:00,24.6,99,7.7,16,975.9,6.4,265.0
2026-08-08 05:00:00,25.6,97,8.4,99,975.7,0.2,520.0
2026-08-08 06:00:00,25.6,96,11.7,104,976.3,6.0,425.0
2026-08-08 07:00:00,25.7,96,9.9,78,976.7,1.2,295.0
2026-08-08 08:00:00,27.0,93,7.0,80,977.3,0.3,465.0
2026-08-08 09:00:00,29.2,87,7.7,91,977.6,0.1,865.0
2026-08-08 10:00:00,30.7,78,12.9,113,977.5,0.1,1150.0
2026-08-08 11:00:00,29.6,78,15.8,107,978.0,0.5,690.0
2026-08-08 12:00:00,31.0,74,11.1,113,977.9,0.8,1110.0
2026-08-08 13:00:00,30.2,75,14.1,127,977.3,1.4,755.0
2026-08-08 14:00:00,30.6,76,6.9,113,976.3,0.7,765.0
2026-08-08 15:00:00,32.1,68,8.2,122,975.8,0.1,955.0
2026-08-08 16:00:00,31.2,72,8.8,121,975.1,0.4,430.0
2026-08-08 17:00:00,30.9,75,8.8,116,976.1,1.3,715.0
2026-08-08 18:00:00,30.0,80,6.8,115,976.1,0.1,575.0
2026-08-08 19:00:00,29.2,84,5.3,123,976.6,0.0,375.0
2026-08-08 20:00:00,28.9,87,3.4,133,977.5,0.0,180.0
2026-08-08 21:00:00,28.7,88,6.0,106,978.3,0.0,255.0
2026-08-08 22:00:00,28.5,89,4.3,92,978.8,0.0,245.0
2026-08-08 23:00:00,29.1,88,1.2,27,978.6,0.0,55.0
2026-08-09 00:00:00,28.6,89,2.9,47,978.5,0.2,85.0
2026-08-09 01:00:00,28.3,90,3.0,123,978.2,0.2,185.0
2026-08-09 02:00:00,28.2,88,2.8,79,978.1,0.1,210.0
2026-08-09 03:00:00,26.7,95,8.3,92,978.2,0.7,225.0
2026-08-09 04:00:00,26.2,94,8.3,103,978.2,0.4,165.0
2026-08-09 05:00:00,25.1,99,4.4,78,978.3,0.1,80.0
2026-08-09 06:00:00,25.7,96,4.2,100,978.5,0.1,55.0
2026-08-09 07:00:00,27.0,94,2.7,48,979.0,0.0,95.0
2026-08-09 08:00:00,28.9,88,4.0,87,979.3,0.0,340.0
2026-08-09 09:00:00,30.5,79,6.1,104,979.5,0.1,695.0
2026-08-09 10:00:00,31.4,75,7.6,118,979.7,0.1,1020.0
2026-08-09 11:00:00,31.2,73,8.4,121,979.1,0.0,460.0
2026-08-09 12:00:00,32.5,67,6.8,117,978.7,0.4,1150.0
2026-08-09 13:00:00,33.2,64,5.1,132,978.0,0.0,1150.0
2026-08-09 14:00:00,33.7,63,4.8,115,977.1,0.0,1175.0
2026-08-09 15:00:00,33.8,62,2.2,81,976.4,0.0,1215.0
2026-08-09 16:00:00,33.6,62,3.6,45,975.8,0.0,1165.0
2026-08-09 17:00:00,32.9,65,6.7,189,975.7,0.6,350.0
2026-08-09 18:00:00,31.5,76,2.3,360,976.1,0.0,30.0
2026-08-09 19:00:00,30.6,81,4.2,78,976.8,0.0,125.0
2026-08-09 20:00:00,30.1,83,4.6,135,977.1,0.0,120.0
2026-08-09 21:00:00,29.8,84,4.4,148,978.1,0.0,110.0
2026-08-09 22:00:00,29.5,83,5.2,121,978.3,0.0,135.0
2026-08-09 23:00:00,29.9,83,3.5,125,977.9,0.0,90.0
2026-08-10 00:00:00,28.8,86,3.7,191,977.6,0.1,100.0
2026-08-10 01:00:00,27.4,89,10.8,349,977.5,0.9,165.0
2026-08-10 02:00:00,26.5,94,4.6,9,977.0,0.3,50.0
2026-08-10 03:00:00,26.8,94,4.7,86,976.6,0.0,55.0
2026-08-10 04:00:00,27.1,94,5.5,77,977.1,0.0,100.0
2026-08-10 05:00:00,27.7,90,8.5,119,976.9,0.0,320.0
2026-08-10 06:00:00,26.8,92,7.8,119,977.7,0.2,380.0
2026-08-10 07:00:00,27.1,92,6.1,95,977.8,0.3,215.0
2026-08-10 08:00:00,28.2,87,6.7,114,978.1,0.0,325.0
2026-08-10 09:00:00,29.6,82,6.8,125,978.3,0.0,480.0
2026-08-10 10:00:00,30.9,77,4.9,114,978.4,0.0,655.0
2026-08-10 11:00:00,32.9,66,6.0,139,978.0,0.0,1175.0
2026-08-10 12:00:00,33.2,64,5.5,131,977.6,0.0,1365.0
2026-08-10 13:00:00,31.9,70,8.4,99,977.3,0.0,635.0
2026-08-10 14:00:00,27.7,93,3.3,68,976.8,4.8,165.0
2026-08-10 15:00:00,28.8,86,0.9,307,976.5,0.8,380.0
2026-08-10 16:00:00,28.9,86,2.7,352,975.7,0.2,330.0
2026-08-10 17:00:00,29.4,88,6.4,27,976.0,0.0,350.0
2026-08-10 18:00:00,29.2,89,7.0,44,976.3,0.1,360.0
2026-08-10 19:00:00,28.7,90,7.1,63,976.6,0.0,305.0
2026-08-10 20:00:00,28.5,91,5.5,79,977.6,0.0,270.0
2026-08-10 21:00:00,28.3,92,4.5,95,978.1,0.0,270.0
2026-08-10 22:00:00,28.1,93,4.4,83,977.9,0.0,270.0
2026-08-10 23:00:00,27.8,98,8.2,61,977.0,0.0,210.0
2026-08-11 00:00:00,27.7,94,9.7,91,976.9,0.2,380.0
2026-08-11 01:00:00,27.3,96,8.8,113,976.9,0.1,355.0
2026-08-11 02:00:00,27.2,96,9.2,106,976.9,0.0,375.0
2026-08-11 03:00:00,27.1,96,8.3,106,976.6,0.1,375.0
2026-08-11 04:00:00,27.0,91,8.1,127,977.0,0.3,335.0
2026-08-11 05:00:00,26.7,95,8.1,149,977.2,0.3,360.0
2026-08-11 06:00:00,26.8,95,7.6,128,977.4,0.0,345.0
2026-08-11 07:00:00,27.6,89,8.5,159,978.1,0.0,430.0
2026-08-11 08:00:00,28.6,85,6.9,163,978.5,0.0,485.0
2026-08-11 09:00:00,29.5,82,5.9,157,978.7,0.0,595.0
2026-08-11 10:00:00,30.2,81,4.3,114,979.0,0.1,700.0
2026-08-11 11:00:00,30.4,81,2.2,104,978.8,0.3,590.0
2026-08-11 12:00:00,28.6,88,7.2,63,978.4,2.8,345.0
2026-08-11 13:00:00,27.9,92,5.1,80,978.0,5.4,265.0
2026-08-11 14:00:00,28.5,91,3.6,60,977.2,1.4,375.0
2026-08-11 15:00:00,29.9,83,5.2,56,976.0,0.3,470.0
2026-08-11 16:00:00,30.4,79,4.8,34,975.8,0.0,645.0
2026-08-11 17:00:00,30.1,79,4.2,80,976.2,0.1,445.0
2026-08-11 18:00:00,29.8,82,3.1,90,976.1,0.0,115.0
2026-08-11 19:00:00,29.1,88,2.1,160,976.6,0.5,35.0
2026-08-11 20:00:00,28.8,90,3.2,109,977.5,0.5,90.0
2026-08-11 21:00:00,28.5,92,2.9,137,978.4,0.1,70.0
2026-08-11 22:00:00,28.1,94,3.9,152,978.5,0.0,85.0
2026-08-11 23:00:00,28.4,90,5.5,134,978.1,0.0,125.0
2026-08-12 00:00:00,28.1,92,3.7,169,977.9,0.0,90.0
2026-08-12 01:00:00,28.1,92,0.3,315,977.9,0.0,10.0
2026-08-12 02:00:00,27.7,94,2.7,48,977.9,0.0,45.0
2026-08-12 03:00:00,27.4,93,4.3,62,978.0,0.0,95.0
2026-08-12 04:00:00,27.2,94,2.9,68,978.1,0.0,90.0
2026-08-12 05:00:00,27.5,97,1.5,76,977.9,0.0,65.0
2026-08-12 06:00:00,27.6,95,2.8,35,978.2,0.0,85.0
2026-08-12 07:00:00,28.6,92,2.9,349,978.5,0.0,190.0
2026-08-12 08:00:00,29.9,83,2.9,349,978.9,0.0,390.0
2026-08-12 09:00:00,31.0,75,3.6,357,979.1,0.1,620.0
2026-08-12 10:00:00,31.8,71,2.9,11,979.1,0.3,755.0
2026-08-12 11:00:00,32.9,65,4.2,350,978.8,0.3,980.0
2026-08-12 12:00:00,33.4,64,3.7,337,978.3,0.1,1050.0
2026-08-12 13:00:00,33.9,62,2.5,339,977.4,0.1,1070.0
2026-08-12 14:00:00,34.2,61,0.8,27,976.8,0.1,1115.0
2026-08-12 15:00:00,34.4,60,0.8,243,976.6,0.0,1205.0
2026-08-12 16:00:00,34.2,61,1.5,256,975.9,0.0,1260.0
2026-08-12 17:00:00,33.5,67,1.9,214,976.2,0.3,580.0
2026-08-12 18:00:00,29.6,88,11.1,240,977.2,0.7,185.0
2026-08-12 19:00:00,28.4,93,10.1,237,978.2,0.0,225.0
2026-08-12 20:00:00,27.9,92,2.2,222,978.4,0.0,65.0
2026-08-12 21:00:00,28.0,93,5.6,225,979.4,0.0,75.0
2026-08-12 22:00:00,27.9,94,6.5,182,979.8,0.0,95.0
2026-08-12 23:00:00,29.5,87,5.7,171,979.6,0.0,115.0
2026-08-13 00:00:00,28.9,89,4.0,185,979.8,0.0,70.0
2026-08-13 01:00:00,28.7,89,3.8,211,979.0,0.0,60.0
2026-08-13 02:00:00,28.4,89,6.0,245,978.4,0.0,80.0
2026-08-13 03:00:00,28.1,91,6.3,275,978.5,0.0,130.0
2026-08-13 04:00:00,27.7,94,4.0,270,978.2,0.0,115.0
2026-08-13 05:00:00,26.7,97,5.0,257,978.2,0.0,95.0
2026-08-13 06:00:00,26.4,98,9.2,250,978.7,0.6,120.0
2026-08-13 07:00:00,27.8,95,6.7,289,978.7,0.0,100.0
2026-08-13 08:00:00,29.9,83,3.6,327,978.6,0.0,165.0
2026-08-13 09:00:00,31.6,76,3.1,329,978.8,0.0,505.0
2026-08-13 10:00:00,32.7,70,1.3,352,979.1,0.0,940.0
2026-08-13 11:00:00,33.2,66,2.5,315,979.1,0.2,945.0
2026-08-13 12:00:00,33.6,65,2.2,265,978.6,0.0,1140.0
2026-08-13 13:00:00,31.5,73,7.8,241,978.0,1.1,460.0
2026-08-13 14:00:00,32.6,71,2.1,239,977.3,0.3,550.0
2026-08-13 15:00:00,33.3,67,6.0,295,976.6,0.2,845.0
2026-08-13 16:00:00,33.2,67,5.4,290,975.9,0.0,860.0
2026-08-13 17:00:00,30.9,86,6.7,59,976.3,0.2,245.0
2026-08-13 18:00:00,30.8,84,1.3,34,976.6,0.0,225.0
2026-08-13 19:00:00,30.2,88,3.0,163,977.1,0.0,65.0
2026-08-13 20:00:00,30.0,90,3.1,216,977.8,0.0,55.0
2026-08-13 21:00:00,30.1,88,3.0,213,978.4,0.0,65.0
2026-08-13 22:00:00,29.9,86,4.2,211,978.4,0.0,75.0
2026-08-13 23:00:00,30.2,88,2.7,212,977.8,0.0,50.0
2026-08-14 00:00:00,29.7,89,3.6,225,977.5,0.0,65.0
2026-08-14 01:00:00,29.3,89,3.4,227,977.2,0.0,60.0
2026-08-14 02:00:00,28.9,90,4.4,243,977.1,0.0,70.0
2026-08-14 03:00:00,28.7,90,4.7,247,976.8,0.0,90.0
2026-08-14 04:00:00,28.4,91,4.8,255,977.0,0.0,95.0
2026-08-14 05:00:00,27.1,97,2.0,207,977.0,0.0,40.0
2026-08-14 06:00:00,27.0,97,3.5,99,977.9,1.6,40.0
2026-08-14 07:00:00,27.6,94,3.8,149,978.6,1.1,110.0
2026-08-14 08:00:00,28.4,90,1.9,163,979.3,0.3,300.0
2026-08-14 09:00:00,28.7,88,3.9,286,979.2,0.1,380.0
2026-08-14 10:00:00,30.0,80,2.4,279,979.2,0.0,575.0
2026-08-14 11:00:00,30.2,80,4.7,288,979.8,0.1,580.0
2026-08-14 12:00:00,30.6,81,2.4,347,980.1,1.0,620.0
2026-08-14 13:00:00,30.9,80,1.7,72,979.3,0.4,705.0
2026-08-14 14:00:00,30.3,81,3.8,19,979.1,0.4,520.0
2026-08-14 15:00:00,27.6,92,1.8,186,978.8,5.4,95.0
2026-08-14 16:00:00,28.0,91,2.3,176,977.7,1.0,190.0
2026-08-14 17:00:00,30.1,79,4.0,69,977.5,0.2,380.0
2026-08-14 18:00:00,29.5,82,3.5,81,977.7,0.0,210.0
2026-08-14 19:00:00,28.8,87,4.3,75,978.2,0.0,170.0
2026-08-14 20:00:00,28.4,89,6.0,95,978.6,0.0,240.0
2026-08-14 21:00:00,28.0,91,3.0,142,979.4,0.0,145.0
2026-08-14 22:00:00,27.8,92,3.8,169,979.3,0.0,115.0
2026-08-14 23:00:00,28.0,89,3.8,185,978.8,0.0,150.0
2026-08-15 00:00:00,27.7,92,2.1,195,978.8,0.0,100.0
2026-08-15 01:00:00,27.4,93,1.8,246,978.7,0.0,60.0
2026-08-15 02:00:00,27.2,95,2.2,204,978.7,0.0,70.0
2026-08-15 03:00:00,27.1,95,3.8,180,978.3,0.0,85.0
2026-08-15 04:00:00,27.0,95,1.9,197,978.6,0.0,60.0
2026-08-15 05:00:00,26.5,97,6.6,215,978.9,0.0,150.0
2026-08-15 06:00:00,26.6,97,2.8,220,979.3,1.0,90.0
2026-08-15 07:00:00,26.8,98,2.8,63,979.6,1.0,70.0
2026-08-15 08:00:00,27.5,95,3.1,97,980.1,0.5,145.0
2026-08-15 09:00:00,28.3,90,3.2,87,980.3,0.1,225.0
2026-08-15 10:00:00,29.7,84,0.4,297,980.3,0.0,350.0
2026-08-15 11:00:00,31.8,73,6.0,314,980.1,0.1,935.0
2026-08-15 12:00:00,31.9,74,8.5,318,979.2,0.6,1070.0
2026-08-15 13:00:00,31.1,81,7.6,360,978.8,0.9,660.0
2026-08-15 14:00:00,32.2,73,4.1,345,977.9,0.2,900.0
2026-08-15 15:00:00,32.5,68,7.5,320,976.9,0.1,965.0
2026-08-15 16:00:00,32.4,67,6.4,306,976.3,0.0,920.0
2026-08-15 17:00:00,31.6,74,8.2,320,976.2,0.0,480.0
2026-08-15 18:00:00,31.2,79,4.2,265,976.4,0.0,345.0
2026-08-15 19:00:00,30.5,84,4.6,234,976.9,0.0,145.0
2026-08-15 20:00:00,30.0,87,4.1,236,977.6,0.0,110.0
2026-08-15 21:00:00,29.7,87,4.5,241,978.0,0.0,100.0
2026-08-15 22:00:00,29.2,88,3.6,229,978.2,0.0,80.0
2026-08-15 23:00:00,29.0,86,8.3,221,977.8,0.0,230.0
2026-08-16 00:00:00,28.7,89,7.6,227,977.7,0.0,235.0
2026-08-16 01:00:00,28.6,89,7.0,247,977.2,0.0,280.0
2026-08-16 02:00:00,28.4,88,5.5,297,976.8,0.1,295.0
2026-08-16 03:00:00,26.2,94,4.0,339,976.6,2.9,45.0
2026-08-16 04:00:00,26.4,95,7.9,246,976.5,0.3,85.0
2026-08-16 05:00:00,27.9,87,10.4,271,976.3,0.0,410.0
2026-08-16 06:00:00,27.9,85,8.8,289,977.1,0.1,335.0
2026-08-16 07:00:00,28.3,84,8.6,268,977.5,0.2,445.0
2026-08-16 08:00:00,29.4,79,8.3,269,977.8,0.1,530.0
2026-08-16 09:00:00,30.5,74,8.6,280,977.9,0.0,595.0
2026-08-16 10:00:00,31.9,69,8.2,284,977.9,0.0,760.0
2026-08-16 11:00:00,32.8,64,8.4,301,977.8,0.0,910.0
2026-08-16 12:00:00,33.1,64,7.5,310,977.3,0.2,1135.0
2026-08-16 13:00:00,33.3,64,6.4,310,977.2,0.0,1190.0
2026-08-16 14:00:00,33.1,65,7.7,270,976.3,0.0,1035.0
2026-08-16 15:00:00,33.3,64,9.0,269,975.5,0.1,1060.0
2026-08-16 16:00:00,33.1,64,9.4,272,975.2,0.1,1090.0
2026-08-16 17:00:00,31.9,74,4.9,280,976.1,0.1,495.0
2026-08-16 18:00:00,31.0,79,3.1,280,976.2,0.0,170.0
2026-08-16 19:00:00,30.3,83,4.3,197,976.7,0.4,125.0
2026-08-16 20:00:00,29.6,87,4.3,156,977.5,0.3,105.0
2026-08-16 21:00:00,29.2,88,6.7,183,978.0,0.0,125.0
2026-08-16 22:00:00,29.0,88,5.6,205,978.2,0.0,125.0
2026-08-16 23:00:00,29.1,86,6.1,204,977.5,0.0,80.0
2026-08-17 00:00:00,28.5,86,8.0,214,977.3,0.0,100.0
2026-08-17 01:00:00,28.3,86,6.7,301,977.3,0.0,145.0
2026-08-17 02:00:00,27.9,88,6.2,249,976.7,0.0,105.0
2026-08-17 03:00:00,27.8,86,8.0,252,976.7,0.0,245.0
2026-08-17 04:00:00,27.5,83,8.5,253,976.7,0.0,275.0
2026-08-17 05:00:00,28.4,79,11.6,257,977.1,0.0,465.0
2026-08-17 06:00:00,28.0,80,10.1,266,977.7,0.0,450.0
2026-08-17 07:00:00,28.6,79,10.1,275,978.3,0.0,550.0
2026-08-17 08:00:00,29.5,76,10.3,311,978.7,0.0,790.0
2026-08-17 09:00:00,30.3,74,8.6,296,979.0,0.0,785.0
2026-08-17 10:00:00,31.3,71,8.8,289,979.3,0.0,885.0
2026-08-17 11:00:00,32.5,65,11.0,296,979.1,0.0,1060.0
2026-08-17 12:00:00,33.0,64,9.3,294,978.5,0.0,1155.0
2026-08-17 13:00:00,31.6,68,8.3,294,978.0,0.1,585.0
2026-08-17 14:00:00,30.3,75,2.3,129,977.5,1.8,255.0
2026-08-17 15:00:00,31.0,75,3.3,119,977.0,0.1,300.0
2026-08-17 16:00:00,30.7,78,6.7,177,976.4,0.2,305.0
2026-08-17 17:00:00,27.4,94,11.7,284,977.4,0.6,250.0
2026-08-17 18:00:00,27.3,93,3.3,174,977.1,1.7,55.0
2026-08-17 19:00:00,27.5,92,3.9,152,977.6,0.0,65.0
2026-08-17 20:00:00,27.7,91,1.9,197,978.3,0.0,25.0
2026-08-17 21:00:00,27.9,90,3.1,190,978.8,0.0,35.0
2026-08-17 22:00:00,28.1,87,3.9,202,979.2,0.0,50.0
2026-08-17 23:00:00,28.7,87,2.7,278,979.0,0.0,65.0
2026-08-18 00:00:00,28.2,88,2.9,223,978.8,0.0,40.0
2026-08-18 01:00:00,28.0,86,5.3,232,978.5,0.0,110.0
2026-08-18 02:00:00,27.8,83,4.7,252,978.2,0.0,130.0
2026-08-18 03:00:00,27.5,83,4.7,254,978.1,0.0,115.0
2026-08-18 04:00:00,27.2,84,5.9,252,978.3,0.0,135.0
2026-08-18 05:00:00,28.0,79,8.5,271,978.0,0.0,400.0
2026-08-18 06:00:00,27.7,81,5.3,282,978.6,0.0,425.0
2026-08-18 07:00:00,28.5,77,3.8,281,979.4,0.0,515.0
2026-08-18 08:00:00,29.3,75,8.5,264,979.6,0.0,570.0
2026-08-18 09:00:00,30.4,72,7.1,277,980.1,0.0,720.0
2026-08-18 10:00:00,31.3,68,7.3,281,980.2,0.0,780.0
2026-08-18 11:00:00,32.3,63,7.3,293,980.5,0.0,1005.0
2026-08-18 12:00:00,32.9,61,5.7,288,980.1,0.0,1085.0
2026-08-18 13:00:00,33.1,60,6.0,277,979.4,0.1,1175.0
2026-08-18 14:00:00,33.0,62,5.0,272,978.7,0.1,1300.0
2026-08-18 15:00:00,33.0,62,4.2,250,977.9,0.0,1345.0
2026-08-18 16:00:00,32.5,64,5.4,249,977.4,0.1,915.0
2026-08-18 17:00:00,32.3,65,4.7,274,977.6,0.5,750.0
2026-08-18 18:00:00,31.7,68,0.9,127,978.3,0.1,15.0
2026-08-18 19:00:00,29.9,78,4.9,98,979.0,0.0,230.0
2026-08-18 20:00:00,28.1,82,1.2,129,980.1,1.0,50.0
2026-08-18 21:00:00,25.5,94,9.6,131,980.3,0.9,100.0
2026-08-18 22:00:00,25.9,91,4.6,159,980.2,0.2,50.0
2026-08-18 23:00:00,27.3,91,4.2,185,979.8,0.0,75.0
2026-08-19 00:00:00,27.4,89,0.6,326,979.6,0.0,15.0
2026-08-19 01:00:00,27.1,91,1.6,276,979.0,0.0,25.0
2026-08-19 02:00:00,27.0,90,1.5,277,979.0,0.0,25.0
2026-08-19 03:00:00,27.0,90,0.6,236,978.7,0.0,15.0
2026-08-19 04:00:00,26.9,91,0.6,214,979.2,0.0,15.0
2026-08-19 05:00:00,27.8,88,4.0,275,978.7,0.0,105.0
2026-08-19 06:00:00,27.8,85,6.7,272,979.4,0.0,215.0
2026-08-19 07:00:00,28.5,82,4.6,296,980.1,0.0,330.0
2026-08-19 08:00:00,29.5,77,4.6,306,980.7,0.0,510.0
2026-08-19 09:00:00,30.5,73,5.0,316,981.0,0.0,660.0
2026-08-19 10:00:00,31.4,68,3.6,333,980.8,0.0,790.0
2026-08-19 11:00:00,32.5,61,7.5,340,981.0,0.0,1120.0
2026-08-19 12:00:00,32.5,60,5.2,358,980.3,0.1,1075.0
2026-08-19 13:00:00,32.8,59,4.0,342,979.9,0.2,1140.0
2026-08-19 14:00:00,33.0,58,3.1,339,979.2,0.2,1070.0
2026-08-19 15:00:00,33.2,58,1.8,315,978.5,0.1,1180.0
2026-08-19 16:00:00,33.0,57,2.5,278,978.0,0.0,1190.0
2026-08-19 17:00:00,28.9,87,3.2,87,979.3,0.0,120.0
2026-08-19 18:00:00,28.3,93,5.0,109,979.1,3.2,120.0
2026-08-19 19:00:00,28.0,94,4.3,163,979.4,1.2,85.0
2026-08-19 20:00:00,27.8,96,3.9,164,980.2,0.2,60.0
2026-08-19 21:00:00,27.6,95,5.2,160,980.7,0.0,65.0
2026-08-19 22:00:00,27.7,94,3.3,119,980.5,0.0,60.0
2026-08-19 23:00:00,28.8,95,5.8,164,980.3,0.0,95.0
2026-08-20 00:00:00,28.1,94,4.3,163,980.1,0.1,95.0
2026-08-20 01:00:00,27.7,94,6.7,316,980.2,0.1,155.0
2026-08-20 02:00:00,26.9,97,2.9,277,979.9,0.3,40.0
2026-08-20 03:00:00,27.0,97,5.7,342,979.8,0.1,95.0
2026-08-20 04:00:00,27.0,96,1.3,286,979.8,0.0,40.0
2026-08-20 05:00:00,26.9,96,6.0,287,979.9,0.0,250.0
2026-08-20 06:00:00,26.8,95,7.5,297,980.1,1.3,270.0
2026-08-20 07:00:00,27.2,92,7.2,271,981.0,0.3,245.0
2026-08-20 08:00:00,27.3,89,7.2,266,981.4,0.1,245.0
2026-08-20 09:00:00,27.9,84,7.2,252,981.9,0.0,270.0
2026-08-20 10:00:00,28.6,81,5.1,274,982.0,0.0,345.0
2026-08-20 11:00:00,30.9,71,2.4,318,981.5,0.0,640.0
2026-08-20 12:00:00,31.8,67,4.0,297,980.8,0.0,780.0
2026-08-20 13:00:00,32.7,63,4.6,312,980.1,0.0,1000.0
2026-08-20 14:00:00,33.0,61,3.9,298,979.0,0.0,1130.0
2026-08-20 15:00:00,33.2,61,4.1,299,978.4,0.0,1155.0
2026-08-20 16:00:00,33.0,61,3.6,288,977.8,0.0,1115.0
2026-08-20 17:00:00,28.8,93,6.7,172,978.3,0.1,125.0
2026-08-20 18:00:00,28.4,94,5.1,176,978.8,1.3,145.0
2026-08-20 19:00:00,28.0,95,4.8,202,978.9,0.6,110.0
2026-08-20 20:00:00,27.9,95,3.7,209,979.4,0.2,95.0
2026-08-20 21:00:00,27.8,92,4.2,220,979.9,0.0,95.0
2026-08-20 22:00:00,27.5,92,6.1,223,979.8,0.0,100.0
2026-08-20 23:00:00,29.3,94,3.1,246,979.4,0.0,60.0
2026-08-21 00:00:00,28.6,94,6.2,280,979.5,0.0,130.0
2026-08-21 01:00:00,28.4,92,4.0,262,979.0,0.2,90.0
2026-08-21 02:00:00,28.1,90,5.6,274,978.6,0.0,115.0
2026-08-21 03:00:00,27.9,91,5.9,290,978.5,0.0,140.0
2026-08-21 04:00:00,27.6,94,4.6,281,978.6,0.0,130.0
2026-08-21 05:00:00,27.2,97,10.2,321,978.9,0.0,430.0
2026-08-21 06:00:00,27.1,92,6.0,307,978.9,0.0,240.0
2026-08-21 07:00:00,27.7,86,5.4,290,979.8,0.0,320.0
2026-08-21 08:00:00,29.1,80,7.3,286,980.4,0.0,605.0
2026-08-21 09:00:00,30.5,71,10.7,290,980.3,0.0,665.0
2026-08-21 10:00:00,31.8,67,10.2,296,980.5,0.0,810.0
2026-08-21 11:00:00,33.1,61,11.1,314,980.3,0.0,1115.0
2026-08-21 12:00:00,33.6,59,11.1,316,979.5,0.0,1285.0
2026-08-21 13:00:00,33.6,59,9.7,315,978.6,0.0,1220.0
2026-08-21 14:00:00,33.6,58,9.6,307,977.7,0.0,1215.0
2026-08-21 15:00:00,33.5,57,10.2,307,977.2,0.1,1215.0
2026-08-21 16:00:00,32.5,62,11.1,309,976.7,0.6,960.0
2026-08-21 17:00:00,32.5,67,6.7,308,976.6,0.0,790.0
2026-08-21 18:00:00,31.6,74,5.9,256,976.8,0.0,325.0
2026-08-21 19:00:00,30.5,78,5.8,244,977.4,0.0,165.0
2026-08-21 20:00:00,30.0,80,5.0,257,977.9,0.0,125.0
2026-08-21 21:00:00,29.6,83,3.7,247,978.3,0.0,85.0
2026-08-21 22:00:00,29.3,84,4.3,228,978.5,0.0,75.0
2026-08-21 23:00:00,27.8,90,4.1,293,978.4,0.0,60.0
2026-08-22 00:00:00,27.7,92,8.0,186,978.1,0.1,70.0
2026-08-22 01:00:00,27.1,92,9.4,183,978.0,0.0,145.0
2026-08-22 02:00:00,25.5,94,2.8,27,978.7,2.8,50.0
2026-08-22 03:00:00,25.0,99,6.1,168,977.6,2.8,80.0
2026-08-22 04:00:00,25.2,98,7.2,217,977.8,0.2,85.0
2026-08-22 05:00:00,26.0,94,2.4,234,978.5,0.1,155.0
2026-08-22 06:00:00,26.7,93,5.8,309,978.9,0.2,165.0
2026-08-22 07:00:00,27.7,92,3.6,225,979.7,0.0,505.0
2026-08-22 08:00:00,29.1,82,6.6,291,979.9,0.0,790.0
2026-08-22 09:00:00,30.5,72,9.3,283,980.1,0.0,770.0
2026-08-22 10:00:00,31.6,67,9.2,269,980.2,0.0,825.0
2026-08-22 11:00:00,32.0,65,9.1,311,980.3,0.0,1150.0
2026-08-22 12:00:00,32.6,62,8.4,305,979.5,0.0,1220.0
2026-08-22 13:00:00,33.0,62,7.7,303,978.5,0.1,1315.0
2026-08-22 14:00:00,33.3,61,8.0,310,977.6,0.0,1350.0
2026-08-22 15:00:00,32.8,63,8.9,312,977.0,0.2,1220.0
2026-08-22 16:00:00,31.0,68,10.0,340,976.5,0.1,600.0
2026-08-22 17:00:00,29.8,80,4.1,311,977.3,1.1,160.0
2026-08-22 18:00:00,30.1,83,2.2,138,977.4,0.2,30.0
2026-08-22 19:00:00,28.5,89,8.9,173,978.0,0.1,215.0
2026-08-22 20:00:00,27.9,89,4.7,187,978.4,0.0,85.0
2026-08-22 21:00:00,27.6,89,4.8,200,979.0,0.0,75.0
2026-08-22 22:00:00,27.3,87,7.3,197,979.2,0.0,135.0
2026-08-22 23:00:00,28.5,85,7.3,171,979.2,0.0,120.0
2026-08-23 00:00:00,28.0,85,7.3,173,979.0,0.0,160.0
2026-08-23 01:00:00,27.7,89,7.2,198,979.0,0.1,210.0
2026-08-23 02:00:00,27.3,92,8.6,213,978.5,0.0,185.0
2026-08-23 03:00:00,27.0,92,6.9,223,978.3,0.0,160.0
2026-08-23 04:00:00,26.8,91,4.1,255,978.6,0.0,110.0
2026-08-23 05:00:00,26.8,86,7.7,36,979.0,0.7,180.0
2026-08-23 06:00:00,24.7,98,8.0,155,979.8,4.5,90.0
2026-08-23 07:00:00,26.2,97,4.8,214,979.9,0.7,80.0
2026-08-23 08:00:00,28.2,85,2.0,275,980.5,0.1,185.0
2026-08-23 09:00:00,29.6,77,5.1,337,981.2,0.0,650.0
2026-08-23 10:00:00,29.5,78,6.8,318,981.6,1.6,535.0
2026-08-23 11:00:00,29.8,77,8.5,297,981.8,0.2,595.0
2026-08-23 12:00:00,30.8,73,9.6,298,981.1,0.0,720.0
2026-08-23 13:00:00,31.7,69,10.2,302,980.1,0.1,895.0
2026-08-23 14:00:00,32.2,66,10.4,309,979.0,0.1,995.0
2026-08-23 15:00:00,32.7,64,9.0,317,978.3,0.1,1040.0
2026-08-23 16:00:00,32.5,65,7.5,323,977.6,0.0,960.0
2026-08-23 17:00:00,32.4,68,7.7,324,977.3,0.0,960.0
2026-08-23 18:00:00,31.4,77,3.3,299,978.0,0.0,190.0
2026-08-23 19:00:00,30.5,80,3.6,276,978.6,0.0,75.0
2026-08-23 20:00:00,30.2,82,2.7,266,979.7,0.0,50.0
2026-08-23 21:00:00,30.1,84,1.1,279,980.4,0.0,25.0
2026-08-23 22:00:00,29.7,85,1.5,97,980.0,0.0,50.0
2026-08-23 23:00:00,28.3,89,1.0,292,980.4,0.0,15.0
2026-08-24 00:00:00,27.7,93,3.1,283,979.8,0.1,35.0
2026-08-24 01:00:00,27.4,93,6.0,265,979.1,0.0,60.0
2026-08-24 02:00:00,27.4,92,1.4,270,978.9,0.0,25.0
2026-08-24 03:00:00,25.9,93,8.9,228,979.1,0.5,115.0
2026-08-24 04:00:00,24.6,98,2.5,274,979.9,3.3,25.0
2026-08-24 05:00:00,26.0,97,10.8,266,979.8,1.3,275.0
2026-08-24 06:00:00,25.7,98,5.4,270,980.4,1.2,190.0
2026-08-24 07:00:00,26.5,93,1.7,283,980.5,0.3,120.0
2026-08-24 08:00:00,27.6,89,2.3,360,980.5,0.0,160.0
2026-08-24 09:00:00,29.1,82,1.8,270,980.8,0.0,280.0
2026-08-24 10:00:00,30.8,74,3.0,308,980.9,0.0,500.0
2026-08-24 11:00:00,29.5,77,4.8,285,981.1,0.1,150.0
2026-08-24 12:00:00,29.3,77,3.5,246,980.8,0.1,135.0
2026-08-24 13:00:00,30.2,72,3.8,275,979.8,0.0,200.0
2026-08-24 14:00:00,31.5,65,3.9,336,979.0,0.0,830.0
2026-08-24 15:00:00,31.7,65,5.0,311,978.2,0.0,750.0
2026-08-24 16:00:00,31.4,67,3.6,273,978.0,0.0,525.0
2026-08-24 17:00:00,31.1,73,5.3,325,977.7,0.0,645.0
2026-08-24 18:00:00,30.6,80,0.9,11,978.2,0.0,35.0
2026-08-24 19:00:00,30.3,81,1.2,141,978.8,0.0,20.0
2026-08-24 20:00:00,29.8,83,3.9,146,979.6,0.0,65.0
2026-08-24 21:00:00,29.2,85,6.1,148,980.4,0.0,140.0
2026-08-24 22:00:00,28.7,88,5.8,146,980.3,0.0,185.0
2026-08-24 23:00:00,28.5,89,4.2,140,979.7,0.0,135.0
2026-08-25 00:00:00,28.2,91,2.4,163,979.8,0.0,70.0
2026-08-25 01:00:00,28.0,92,1.9,209,979.4,0.0,40.0
2026-08-25 02:00:00,27.9,92,2.9,240,979.2,0.0,70.0
2026-08-25 03:00:00,27.8,92,2.1,239,979.3,0.0,70.0
2026-08-25 04:00:00,27.6,93,1.9,248,979.3,0.0,65.0
2026-08-25 05:00:00,26.2,97,2.1,290,979.9,0.0,90.0
2026-08-25 06:00:00,26.5,97,1.6,180,980.7,1.2,75.0
2026-08-25 07:00:00,26.6,97,4.5,270,980.5,0.9,135.0
2026-08-25 08:00:00,27.2,93,3.3,283,980.9,0.5,205.0
2026-08-25 09:00:00,28.5,88,1.6,27,981.2,0.1,255.0
2026-08-25 10:00:00,29.6,82,3.5,78,981.5,0.0,450.0
2026-08-25 11:00:00,30.9,70,2.9,79,981.4,0.0,790.0
2026-08-25 12:00:00,31.3,67,4.4,71,981.0,0.0,850.0
2026-08-25 13:00:00,32.2,63,3.2,47,980.3,0.0,930.0
2026-08-25 14:00:00,32.3,63,2.7,58,979.4,0.0,935.0
2026-08-25 15:00:00,32.6,62,2.8,72,978.8,0.0,1005.0
2026-08-25 16:00:00,32.4,63,1.5,69,978.5,0.0,945.0
2026-08-25 17:00:00,29.0,89,7.3,99,979.1,0.0,270.0
2026-08-25 18:00:00,28.9,89,3.9,156,979.4,0.5,185.0
2026-08-25 19:00:00,28.4,94,4.5,175,979.3,0.2,160.0
2026-08-25 20:00:00,28.3,93,4.0,177,980.1,0.0,105.0
2026-08-25 21:00:00,27.9,94,5.0,161,980.5,0.0,95.0
2026-08-25 22:00:00,27.6,92,6.7,171,980.3,0.0,105.0
2026-08-25 23:00:00,27.9,91,4.6,198,980.3,0.0,80.0
2026-08-26 00:00:00,27.5,92,3.6,225,980.0,0.0,70.0
2026-08-26 01:00:00,27.2,93,4.5,220,979.6,0.0,85.0
2026-08-26 02:00:00,27.1,94,3.5,215,979.4,0.0,80.0
2026-08-26 03:00:00,27.0,94,3.5,249,979.0,0.0,65.0
2026-08-26 04:00:00,26.9,94,2.9,266,979.1,0.0,65.0
2026-08-26 05:00:00,27.4,96,3.1,320,979.2,0.0,90.0
2026-08-26 06:00:00,26.5,94,6.3,167,979.8,1.2,145.0
2026-08-26 07:00:00,26.1,98,2.7,274,980.3,9.0,105.0
2026-08-26 08:00:00,26.6,96,1.5,187,980.5,1.7,105.0
2026-08-26 09:00:00,28.4,89,4.4,102,981.2,0.4,315.0
2026-08-26 10:00:00,29.5,84,3.9,112,981.5,0.2,555.0
2026-08-26 11:00:00,29.5,82,1.5,83,980.8,0.1,385.0
2026-08-26 12:00:00,30.5,80,5.4,214,980.2,0.1,470.0
2026-08-26 13:00:00,31.2,78,2.7,208,979.5,0.0,560.0
2026-08-26 14:00:00,32.1,71,2.3,274,978.3,0.0,820.0
2026-08-26 15:00:00,32.3,66,4.0,280,977.7,0.1,915.0
2026-08-26 16:00:00,31.8,69,4.6,283,977.0,0.2,600.0
2026-08-26 17:00:00,28.7,92,5.4,244,977.9,0.3,225.0
2026-08-26 18:00:00,28.8,91,2.8,195,977.8,0.1,100.0
2026-08-26 19:00:00,28.4,93,6.0,173,977.9,0.1,125.0
2026-08-26 20:00:00,28.2,93,7.8,185,978.2,0.0,150.0
2026-08-26 21:00:00,28.0,94,8.2,188,978.6,0.0,130.0
2026-08-26 22:00:00,27.8,93,6.8,198,978.9,0.0,125.0
2026-08-26 23:00:00,28.9,92,6.7,216,978.8,0.0,115.0
